rgz_name,name
401,401.
402,402.
403,403.
404,404.
405,405.
406,406.
407,407.
408,408.
409,409.
410,410.
411,411.
412,412.
413,413.
414,414.
415,415.
416,416.
417,417.
418,418.
419,419.
420,420.
421,421.
422,422.
423,423.
424,424.
425,425.
426,426.
427,427.
428,428.
429,429.
 ЕЛЕЗНИЧКА,Железничка
 ТРГ ЦВЕЋА,Трг цвећа
 ФЕБРУАРСКИХ ЖРТАВА,Фебруарских жртава
1 МАЈА,1. маја
1 НОВА,1. нова
1 НОВЕМБАР,1. новембар
1 РЕОН,1. реон
1. АУТОДРОМСКА,1. аутодромска
1. ВОЈВОЂАНСКЕ БРИГАДЕ,1. војвођанске бригаде
1. ИНТЕРНАЦИОНАЛЕ,1. интернационале
1. КРАЈИШКА,1. крајишка
1. МАЈ,1. мај
1. НОВИ ПУТ,1. нови пут
1. ОКТОБРА,1. октобра
1. СЛАТИНСКА,1. слатинска
1. СРПСКОГ УСТАНКА,1. српског устанка
1. УСТАНКА,1. устанка
1. ШУМАДИЈСКЕ БРИГАДЕ,1. шумадијске бригаде
1.МАЈ,1. мај
1.МАЈА,1. маја
1.СРПСКОГ УСТАНКА,1. српског устанка
10 МАРТА,10. марта
10. ЈОВАЧКА,10. јовачка
10. КОВАНЛУЧКА,10. кованлучка
10. ОКТОБРА,10. октобра
10. СРПСКЕ УДАРНЕ БРИГАДЕ,10. српске ударне бригаде
10. ЧИБУКОВАЧКА,10. чибуковачка
10.ОКТОБРА,10. октобра
10.УДАРНЕ БРИГАДЕ,10. ударне бригаде
11. АУТОДРОМСКА,11. аутодромска
11. КОВАНЛУЧКА,11. кованлучка
11. КОНГРЕСА,11. конгреса
12 ЈУЛА,12. јула
12. АПРИЛА,12. априла
12. ВОЈВОЂАНСКЕ БРИГАДЕ,12. војвођанске бригаде
12. ЈОВАЧКА,12. јовачка
12. КОВАНЛУЧКА,12. кованлучка
12. КОРПУСА,12. корпуса
12. НОВА,12. нова
12. ОКТОБРА,12. октобра
12. СРПСКЕ БРИГАДЕ,12. српске бригаде
12.АПРИЛА,12. априла
12.ВОЈВОЂАНСКЕ БРИГАДЕ,12. војвођанске бригаде
12.ВОЈВОЂАНСКЕ УДАРНЕ БРИГАДЕ,12. војвођанске ударне бригаде
12.ЈУЛИ,12. јули
12.НОВА,12. нова
12.ОКТОБАРА,12. октобра
12.ОКТОБРА,12. октобра
12.УДАРНЕ БРИГАДЕ,12. ударне бригаде
13 . ОКТОБРА,13. октобра
13 ВОЈВОЂАНСКЕ БРИГАДЕ,13. војвођанске бригаде
13. ДЕЦЕМБАР,13. децембар
13. КОВАНЛУЧКА,13. кованлучка
13.ВОЈВОЂАНСКЕ БРИГАДЕ,13. војвођанске бригаде
13.ДЕЦЕМБАР,13. децембар
13.ЈУЛИ,13. јули
13.ПУК,13. пук
1300 КАПЛАРА 2.ПРИЛАЗ,1300 каплара 2. прилаз
1300. КАПЛАРА,1300 каплара
14 ВУСБ,14. војвођанске ударне словачке бригаде
14. КОВАНЛУЧКА,14. кованлучка
14.ВОЈВОЂАНСКЕ УДАРНЕ БРИГАДЕ,14. војвођанске ударне словачке бригаде
14.ВУСБ,14. војвођанске ударне словачке бригаде
14.СРПСКЕ УДАРНЕ БРИГАДЕ,14. српске ударне бригаде
15 НОВЕМБАР,15. новембар
15. АВГУСТА 1942.,15. августа 1942.
15. КОВАНЛУЧКА,15. кованлучка
15. МАЈА 1945.,15. маја 1945.
15. МАЈЕВИЧКЕ БРИГАДЕ,15. мајевичке бригаде
16 ВОЈВОЂАНСКЕ ДИВИЗИЈЕ,16. војвођанске дивизије
16 ДИВИЗИЈЕ,16. дивизије
"16, СРПСКЕ БРИГАДЕ",16. српске бригаде
16.ВОЈВОЂАНСКЕ УДАРНЕ ДИВИЗИЈЕ,16. војвођанске ударне бригаде
16.ЈУНА 1965.ГОДИНЕ,16. јуна 1965. године
16.ПУК,16. пук
16.СРПСКЕ БРИГАДЕ,16. српске бригаде
17 СРПСКИХ БРИГАДА,17 српских бригада
17.НОУ ДИВИЗИЈЕ,17. НОУ дивизије
17.НОУ ДИВИЗИЈЕ 1,17. НОУ дивизије 1
18. НОВЕМБРА 1941,18. новембра 1941.
1848. ГОДИНА,1848. година
19. ЈУЛИ,19. јули
19.СРПСКЕ УДАРНЕ БРИГАДЕ,19. српске ударне бригаде
2 ОКТОБРА,2. октобра
2 РЕОН,2. реон
2. АУТОДРОМСКА,2. аутодромска
2. ДАЛМАТИНСКЕ БРИГАДЕ,2. далматинске бригаде
2. ЈОВАЧКА,2. јовачка
2. ЈУЖНОБАНАТСКОГ НОП ОДРЕДА,2. јужнобанатског НОП одреда
2. КРАЈИШКА,2. крајишка
2. КРАЈИШКЕ БРИГАДЕ,2. крајишке бригаде
2. НОВИ ПУТ,2. нови пут
2. ПЕШАДИЈСКОГ ПУКА КЊАЗА МИХАЈЛА,2. пешадијског пука књаза Михајла
2. ПРОЛЕТЕРСКА ДИВИЗИЈА,2. пролетерска дивизија
2. СЛАТИНСКА,2. слатинска
2. СРПСКИ УСТАНАК,2. српски устанак
2. ЧИБУКОВАЧКА,2. чибуковачка
2.ОКТОБАР,2. октобар
2.ПРОЛЕТЕРСКЕ БРИГАДЕ,2. пролетерске бригаде
2.РАКОЦИ ФЕРЕНЦ,2. Ракоци Ференца
2.СРЕМСКОГ ОДРЕДА,2. сремског одреда
2.ШУМАДИЈСКИ ОДРЕД,2. шумадијски одред
20 ЈУЛИ,20. јули
20 ОКТОБРА,20. октобра
20.СРПСКЕ УДАРНЕ БРИГАДЕ,20. српске ударне бригаде
22 ДЕЦЕМБАР,22. децембар
22. ДЕЦЕМБРА 1941.,22. децембра 1941.
22. ОКТОБРА,22. октобра
22.УДАРНЕ ДИВИЗИЈЕ,22. ударне дивизије
23. СРПСКЕ ДИВИЗИЈЕ,23. српске дивизије
23. СРПСКЕ УДАРНЕ ДИВИЗИЈЕ,23. српске ударне дивизије
23. СРПСКЕ УДАРНЕ ДИВИЗИЈЕ 1 ПРИЛАЗ,23. српске ударне дивизије 1. прилаз
23.СРПСКЕ ДИВИЗИЈЕ,23. српске дивизије
24 ЈУЛИ,24. јули
25.СРПСКЕ ДИВИЗИЈЕ,25. српске дивизије
26. СРПСКЕ БРИГАДЕ,26. српске дивизије
26.ОКТОБРА,26. октобра
27. МАРТ,27. март
27. ОКТОБРА 1944.,27. октобра 1944.
27.МАРТ,27. март
27.СЕПТЕМБАРА,27. септембра
28 АВГУСТ,28. август
28 МАРТ,28. март
28 МАРТА,28. марта
28 НОВЕМБАР,28. новембра
28. АВГУСТА,28. августа
28.АВГУСТА,28. августа
28.СЛАВОНСКЕ ДИВИЗИЈЕ,28. славонске дивизије
29 НОВЕМБАР,29. новембар
29 НОВЕМБРА,29. новембра
29. НОВЕМБРА,29. новембра
29. ОКТОБРА,29. октобра
29.НОВЕМБАРА,29. новембра
29.ХЕРЦЕГОВАЧКЕ БРИГАДЕ,29. херцеговачке бригаде
3 РЕОН,3. реон
3. АУТОДРОМСКА,3. аутодромска
3. ВОЈВОЂАНСКЕ БРИГАДЕ,3. војвођанске бригаде
3. ЈОВАЧКА,3. јовачка
3. КОВАНЛУЧКА,3. кованлучка
3. КРАЈИШКЕ БРИГАДЕ,3. крајишке бригаде
3. НОВИ ПУТ,3. нови пут
3. ОКТОБРА,3. октобра
3. ПРЕКОМОРАВСКЕ ЧЕТЕ,3. прекоморавске чете
3. САНЏАЧКЕ БРИГАДЕ,3. санџачке бригаде
3. СРПСКЕ БРИГАДЕ,3. српске бригаде
3. ЧИБУКОВАЧКА,3. чибуковачка
30. ЈУЛИ,30. јули
300 КАРАЂОРЂЕВИХ УСТАНИКА,300 Карађорђевих устаника
359. НОВА,359. нова
36.ВОЈВОЂАНСКЕ УДАРНЕ ДИВИЗИЈЕ,36. војвођанске ударне дивизије
360. НОВА,360. нова
367. НОВА,367. нова
4 ДЕЦЕМБРА,4. децембра
4 ЈУЛА,4. јула
4 ЈУЛИ,4. јули
4 ОКТОБРА,4. октобра
4 РЕОН,4. реон
4 ФЛАВИЈЕВЕ ЛЕГИЈЕ,4. Флавијеве легије
4. ВОЈВОЂАНСКЕ БРИГАДЕ,4. војвођанске бригаде
4. ЈОВАЧКА,4. јовачка
4. ЈУЛИ,4. јули
4. КОВАНЛУЧКА,4. кованлучка
4. КОЊИЧКОГ ПУКА,4. коњичког пука
4. КРАЈИШКЕ БРИГАДЕ,4. крајишке бригаде
4. КРАЉЕВАЧКИ БАТАЉОН,4. краљевачки батаљон
4. НОВИ ПУТ,4. нови пут
4. ОКТОБРА,4. октобра
4. ЦРНОГОРСКА,4. црногорска
4. ЦРНОГОРСКЕ БРИГАДЕ,4. црногорске бригаде
4. ЧИБУКОВАЧКА,4. чибуковачка
4.ЈУЛИ,4. јули
4.ОКТОБРА,4. октобра
4.ПРОЛЕТЕРСКЕ БРИГАДЕ,4. пролетерске бригаде
4.ЦРНОГОРСКЕ БРИГАДЕ,4. црногорске бригаде
40.НОВА,40. нова
41. ОДРЕДА,41. одреда
44 СОЛУНАЦА,44 солунаца
44.НОВА,44. нова
46.НОВА,46. нова
47.НОВА,47. нова
5 РЕОН,5. реон
5. АУТОДРОМСКА,5. аутодромска
5. ЈОВАЧКА,5. јовачка
5. КОВАНЛУЧКА,5. кованлучка
5. НОВИ ПУТ,5. нови пут
5. ОФАНЗИВЕ,5. офанзиве
5. САНЏАЧКЕ БРИГАДЕ,5. санџачке бригаде
5. ЧИБУКОВАЧКА,5. чибуковачка
50.НОВА,50. нова
6 АВГУСТ,6. август
6 БОСАНСКЕ БРИГАДЕ,6. босанске бригаде
6 ИСТОЧНОБОСАНСКЕ БРИГАДЕ,6. источнобосанске бригаде
6 РЕОН,6. реон
6. ИБАРСКЕ ЧЕТЕ,6. ибарске чете
6. ЈОВАЧКА,6. јовачка
6. КОВАНЛУЧКА,6. кованлучка
6. ЛИЧКЕ БРИГАДЕ,6. личке бригаде
6. ЛИЧКЕ ДИВИЗИЈЕ,6. личке дивизије
6. НОВИ ПУТ,6. нови пут
6. ОКТОБРА,6. октобра
6. ЧИБУКОВАЧКА,6. чибуковачка
6.АВГУСТА,6. августа
6.ЛИЧКЕ ДИВИЗИЈЕ,6. личке дивизије
63. ПАДОБРАНСКЕ БРИГАДЕ,63. падобранске бригаде
7 ЈУЛА,7. јула
7 ЈУЛИ,7. јули
7 СЕКРЕТАРА СКОЈ-А,7 секретара Скоја
7 СЕКРЕТАРА СКОЈА,7 секретара Скоја
7. АУТОДРОМСКА,7. аутодромска
7. ВОЈВОЂАНСКЕ БРИГАДЕ,7. војвођанске бригаде
7. ВОЈВОЂАНСКЕ УДАРНЕ БРИГАДЕ,7. војвођанске ударне бригаде
7. ЈОВАЧКА,7. јовачка
7. ЈУЛ,7. јул
7. ЈУЛИ,7. јули
7. КОВАНЛУЧКА,7. кованлучка
7. НОВА,7. нова
7. НОВИ ПУТ,7. нови пут
7. СЕКРЕТАРА СКОЈА,7 секретара СКОЈ-а
7. СРПСКА БРИГАДА,7. српска бригада
7. СРПСКЕ УДАРНЕ БРИГАДЕ,7. српске ударне бригаде
7. ЧИБУКОВАЧКА,7. чибуковачка
7.БАНИЈСКЕ БРИГАДЕ,7. банијске бригаде
7.ВОЈВОЂАНСКЕ УДАРНЕ БРИГАДЕ,7. војвођанске ударне бригаде
7.ЈУЛ,7. јул
7.ЈУЛИ,7. јули
8 МАРТА,8. марта
8 ОКТОБРА,8. октобра
8. ЈОВАЧКА,8. јовачка
8. КОВАНЛУЧКА,8. кованлучка
8. МАРТ,8. март
8. СРПСКА УДАРНА БРИГАДА,8. српска ударна бригада
8. УДАРНЕ КОРДУНАШКЕ ДИВИЗИЈЕ,8. ударне кордунашке дивизије
8. ЧИБУКОВАЧКА,8. чибуковачка
8.МАРТ,8. март
8.МАРТА-ПРВА,8. марта-прва
8.ЦРНОГОРСКЕ БРИГАДЕ,8. црногорске бригаде
9 БРАТА АДАМОВИЋА,9 брата Адамовића
9 БРИГАДЕ,9. бригаде
9 ЈУГОВИЋА,9 Југовића
9 МАЈА,9. маја
9 НОВЕМБАР,9. новембар
9. АУТОДРОМСКА,9. аутодромска
9. ДЕЦЕМБРА,9. децембра
9. ЈАНУАРА,9. јануара
9. КОВАНЛУЧКА,9. кованлучка
9. МАЈА,9. маја
9. СР.УД. БРИГАДЕ,9. српске ударне бригаде
9. СРПСКЕ БРИГАДЕ,9. српске бригаде
9. УД. БРИГАДЕ,9. ударне бригаде
9.БРИГАДЕ ПРИЛАЗ,9. бригаде прилаз
9.БРИГРАДЕ,9. бригаде
9.ВОЈВОЂАНСКЕ БРИГАДЕ,9. војвођанске бригаде
9.ДЕЦЕМБРА,9. децембра
9.ЈУГОВИЋА,9 Југовића
9.МАЈ,9. мај
9.МАЈА,9. маја
9.МАРТ,9. март
АБАЗОВИЋ МАХАЛА,Абазовић махала
АВАЛСКА 1 ДЕО,Авалска 1. део
АВАЛСКА 2 ДЕО,Авалска 2. део
АВАЛСКА 3 ДЕО,Авалска 3. део
АВНОЈ-А,АВНОЈ-а
АВНОЈА,АВНОЈ-а
АГАРУШКА УЛИЦА,Агарушка
АГИНЕ ЛИВАДЕ,Агине ливаде
АДА ЦИГАНЛИЈА-КАМП ПАРТИЗАН,Ада Циганлија - камп Партизан
АДАМОВИЋЕВА УЛИЦА,Адамовићева
АДМИРАЛСКА УЛИЦА,Адмиралска
АЂУТАНТСКА УЛИЦА,Ађутантска
АЈДАНОВАЧКА УЛИЦА,Ајдановачка
АЈДУЧКИ БУНАР,Ајдучки бунар
АЈЕТОВА ПЛАНИНА,Ајетова планина
АЛАСОВА УЛИЦА,Аласова
АЛБАНСКЕ ГОЛГОТЕ,Албанске голготе
АЛБАНСКЕ СПОМЕНИЦЕ,Албанске споменице
АЛБЕРТА АНШТАЈНА,Алберта Ајнштајна
АЛЕКСАНДРОВИ САЛАШИ,Александрови салаши
АЛЕКСЕ НЕНЕДОВИЋА,Алексе Ненадовића
АЛЕКСЕ ПОПОВИЋ,Алексе Поповића
АЛЕКСЕ ШАНТИЋ,Алексе Шантића
АЛЕКСЕ ШАНТИЋА - 9.МАЈ,Алексе Шантића - 9. мај
АЛЕКСИЈЕВА ГРЕДА,Алексијева греда
АЛЕКСИЋА ИМАЊЕ,Алексића имање
"АМИЏА,БОРА,ДЕЈАН И СРЕТАН","Амиџа, Бора, Дејан и Сретан"
АНАСТАСОВА МАХАЛА,Анастасова махала
АНЂЕЛИЈИНА ВОДА,Анђелијина вода
АНЂЕЛКОВИЋ СРБА-БРБИЋ,Анђелковић Срба-Брбић
АНТИЋКА МАЛА,Антићка мала
АРИЉСКЕ ЧЕТЕ,Ариљске чете
АРПАДОВА УЛИЦА,Арпадова
АРСЕНИЈА ИВ ЈОВАНОВИЋА ШАКАБЕН,Арсенија IV Јовановића Шакабенте
АРСЕНИЈА III ЧАРНОЈЕВИЋА,Арсенија III Чарнојевића
АРХИЕПИСКОПА ДАНИЛА ТРЕЋЕГ,Архиепископа Данила трећег
АРХИМАН. АЛЕКСИЈА ЈОВАНОВИЋА,Архимандрита  Алексија Јовановића
АРХИМАНДР. МИЛЕНТИЈА ПАВЛОВИЋА,Архимандрита  Милентија Павловића
АСФАЛТНА БАЗА,Асфалтна база
АТЕМОВЕ ПАДИНЕ,Атемове падине
АУТО КАМП НОВА,Ауто камп нова
АЏИНСКА ГЛАВНА,Аџинска главна
АЏИЋА МАЛА,Аџића мала
БАБА-ВИШЊИНА УЛИЦА,Баба-Вишњина
БАБИ - ВАРГА САЛАШИ,Баби-Варга салаши
БАБИН ДОЛ,Бабин дол
БАБИН ЗУБ,Бабин зуб
БАБИНА БАРА,Бабина бара
БАБИНА ЛИВАДА,Бабина ливада
БАБИНСКЕ БУНЕ,Бабинске буне
БАБИНСКЕ КОЛИБЕ,Бабинске колибе
БАБИЧКИ ОДРЕД,Бабички одред
БАБИЧКИ ОДРЕД 1.ПРИЛАЗ,Бабички одред 1. прилаз
БАБИЧКИХ ОДРЕДА 2.ПРИЛАЗ,Бабички одред 2. прилаз
БАБИЧКОГ ОДРЕДА,Бабичког одреда
БАВАРСКА УЛИЦА,Баварска
БАДЊЕВА ГЛАВА,Бадњева глава
БАДЊИ ДО,Бадњи до
БАЗАРСКА ПАДИНА,Базарска падина
БАИНОВСКА МАХАЛА,Баиновска махала
БАКОВА МАЛА,Бакова мала
БАЛАНИЧКА УЛИЦА,Баланичка
БАЛКАНСКИХ РАТОВА,Балканских ратова
БАЛОТИН ДОЛ,Балотин дол
БАНАТСКА УЛИЦА,Банатска
БАНАТСКИХ ВЕТРЕЊАЧА,Банатских ветрењача
БАНАТСКИХ МИЛИТАРА,Банатских милитара
БАЊАЛУЧКА УЛИЦА,Бањалучка
БАЊИЧКИХ ЖРТАВА,Бањичких жртава
БАЊСКА МАХАЛА,Бањска махала
БАЊСКА УЛИЦА,Бањска
БАЊСКИ ТРГ,Бањски трг
БАРБУЛОВА МАХАЛА,махала
БАРНИ ДЕО,Барни део
БАТАЈНИЧКИ ДРУМ 1 ДЕО,Батајнички друм 1. део
БАТАЈНИЧКИ ДРУМ 10 ДЕО,Батајнички друм 10. део
БАТАЈНИЧКИ ДРУМ 11 ДЕО,Батајнички друм 11. део
БАТАЈНИЧКИ ДРУМ 13 ДЕО,Батајнички друм 13. део
БАТАЈНИЧКИ ДРУМ 14 ДЕО,Батајнички друм 14. део
БАТАЈНИЧКИ ДРУМ 15 ДЕО,Батајнички друм 15. део
БАТАЈНИЧКИ ДРУМ 16 ДЕО,Батајнички друм 16. део
БАТАЈНИЧКИ ДРУМ 17 ДЕО,Батајнички друм 17. део
БАТАЈНИЧКИ ДРУМ 2 ДЕО,Батајнички друм 2. део
БАТАЈНИЧКИ ДРУМ 3 ДЕО,Батајнички друм 3. део
БАТАЈНИЧКИ ДРУМ 4 ДЕО,Батајнички друм 4. део
БАТАЈНИЧКИ ДРУМ 5 ДЕО,Батајнички друм 5. део
БАТАЈНИЧКИ ДРУМ 6 ДЕО,Батајнички друм 6. део
БАТАЈНИЧКИ ДРУМ 7 ДЕО,Батајнички друм 7. део
БАТАЈНИЧКИ ДРУМ 8 ДЕО,Батајнички друм 8. део
БАТАЈНИЧКИ ДРУМ 9 ДЕО,Батајнички друм 9. део
БАЦИН БУНАР,Бацин бунар
БАЧИЈСКИ СТАНОВИ,Бачијски станови
БАЧКИ ВИНОГРАДИ САЛАШИ,Бачки Виногради салаши
БАЧКИ САЛАШИ,Бачки салаши
БАЧКО-БАРАЊСКИ ОДРЕД,Бачко-Барањски одред
БАШТЕНСКА УЛИЦА,Баштенска
БЕЗДАНСКА УЛИЦА,Безданска
БЕЛЕГИШКА 1 ДЕО,Белегишка 1. део
БЕЛЕГИШКА 2 ДЕО,Белегишка 2. део
БЕЛЕГИШКА 3 ДЕО,Белегишка 3. део
БЕЛИ БАГРЕМ,Бели багрем
БЕЛИ ВРХ,Бели врх
БЕЛИ КЛАДЕНАЦ,Бели кладенац
БЕЛИ НАРЦИС,Бели нарцис
БЕЛИ ПЕСАК,Бели песак
БЕЛИ ТРГ,Бели трг
БЕЛИ ЧЕТВРТАК,Бели четвртак
БЕЛИХ БАГРЕМОВА,Белих багремова
БЕЛИХ БРЕЗА,Белих бреза
БЕЛИХ ОРЛОВА,Белих орлова
БЕЛО КАМЕЊЕ,Бело камење
БЕЛО КАМЕЊЕ 1,Бело камење 1
БЕЛО КАМЕЊЕ 2,Бело камење 2
БЕЛОГ БАГРЕМА,Белог багрема
БЕЛОГ БОРА,Белог бора
БЕЛОГ ЈАСЕНА,Белог јасена
БЕЛОГ ОРЛА,Белог орла
БЕЛОГ ПЕШЧАРА,Белог пешчара
БЕЛОГ СЛЕЗА,Белог слеза
БЕЛОГ ЧЕТВРТКА,Белог четвртка
БЕЛОГЛАВИХ СУПОВА,Белоглавих супова
БЕЛОГЛАВОГ СУПА,Белоглавог супа
БЕЛОПАЛАНАЧКА 1.ПРИЛАЗ,Белопаланачка 1. прилаз
БЕЛОПАЛАНАЧКА 2.ПРИЛАЗ,Белопаланачка 2. прилаз
БЕЛОПОТОЧКА УЛИЦА,Белопоточка
БЕНЗОНОВА УЛИЦА,Бензонова
БЕОГРАДСКА  1 ДЕО,Београдска 1. део
БЕОГРАДСКА  2 ДЕО,Београдска 2. део
БЕОГРАДСКА  2 ДЕО  1 ПРИЛАЗ,Београдска 2. део 1. прилаз
БЕОГРАДСКА  3 ДЕО,Београдска 3. део
БЕОГРАДСКА УЛИЦА,Београдска
БЕОГРАДСКИ БАТАЉОН,Београдски батаљон
БЕОЧИНСКИ ТРГ,Беочински трг
БЕЋАРСКА МАХАЛА,Бећарска махала
БЕЧЕЈСКА УЛИЦА,Бечејска
БИСЕРНА УЛИЦА,Бисерна
БИСЕРНО ОСТРВО,Бисерно острво
БЛИЗНАЧКА МАХАЛА,Близначка махала
БЛОК-33,Блок 33
БОБОВИЧКА УЛИЦА,Бобовичка
БОГДАНОВИЋА МАЛА,Богдановића мала
БОГДАНСКА МАЛА,Богданска мала
БОГОВИНСКА УЛИЦА,Боговинска
БОЖИДАРЧЕВА УЛИЦА,Божидарчева
БОЖОВА ВОДЕНИЦА,Божова воденица
БОЈАНА СТУПИЦЕ 1 ДЕО,Бојана Ступице 1. део
БОЈАЏИНА УЛИЦА,Бојаџина
БОЈАЏИЋА МАЛА,Бојаџића мала
БОЈКОВА МАХАЛА,Бојкова махала
БОЈНИЧКА МАХАЛА,Бојничка махала
БОЈНИЧКИХ ЖРТАВА,Бојничких жртава
БОЛНИЧКО ИМАЊЕ,Болничко имање
БОЉЕВАЧКИ ПАРТИЗАНСКИ ОДРЕД,Бољевачки партизански одред
БОРАЦА СРЕМСКОГ ФРОНТА,Бораца сремског фронта
БОРИВОЈА СТЕВАНОВИЋА 2.ПРИЛАЗ,Боривоја Стевановића 2. прилаз
БОРОВА ГЛАВИЦА,Борова главица
БОРОВА ПРИЛАЗ,Борова прилаз
БОРОВА УЛИЦА,Борова
БОРОВИЋА ВРАТА,Боровића врата
БОРОВСКИ ДОЛ,Боровски дол
БОРОЗАНОВА УЛИЦА,Борозанова
БОРСКА 3.ПРИЛАЗ,Борска 3. прилаз
БОРСКИ КЕЈ,Борски кеј
БОРЧАНСКИХ ЖРТАВА 1914,Борчанских жртава 1914.
БОСАЧКА МАХАЛА,Босачка махала
БОСУТСКИ КЕЈ,Босутски кеј
БОСУТСКИХ ЖРТАВА,Босутских жртава
БРАЈИНСКА ГЛАВИЦА,Брајинска главица
БРАЈИНСКА КАРАУЛА,Брајинска караула
БРАЈИНСКИ ДОЛОВИ,Брајински долови
БРАНИСЛАВА БАРИШИЋА-ДОКТОРА 1 ДЕО,Бранислава Баришића-Доктора 1. део
БРАНИСЛАВА БАРИШИЋА-ДОКТОРА 10 ДЕО,Бранислава Баришића-Доктора 10. део
БРАНИСЛАВА БАРИШИЋА-ДОКТОРА 11 ДЕО,Бранислава Баришића-Доктора 11. део
БРАНИСЛАВА БАРИШИЋА-ДОКТОРА 12 ДЕО,Бранислава Баришића-Доктора 12. део
БРАНИСЛАВА БАРИШИЋА-ДОКТОРА 2 ДЕО,Бранислава Баришића-Доктора 2. део
БРАНИСЛАВА БАРИШИЋА-ДОКТОРА 3 ДЕО,Бранислава Баришића-Доктора 3. део
БРАНИСЛАВА БАРИШИЋА-ДОКТОРА 4 ДЕО,Бранислава Баришића-Доктора 4. део
БРАНИСЛАВА БАРИШИЋА-ДОКТОРА 5 ДЕО,Бранислава Баришића-Доктора 5. део
БРАНИСЛАВА БАРИШИЋА-ДОКТОРА 6 ДЕО,Бранислава Баришића-Доктора 6. део
БРАНИСЛАВА БАРИШИЋА-ДОКТОРА 7 ДЕО,Бранислава Баришића-Доктора 7. део
БРАНИСЛАВА БАРИШИЋА-ДОКТОРА 8 ДЕО,Бранислава Баришића-Доктора 8. део
БРАНИСЛАВА БАРИШИЋА-ДОКТОРА 9 ДЕО,Бранислава Баришића-Доктора 9. део
БРАНИЧЕВСКИ ОДРЕД,Браничевски одред
БРАНИЧЕВСКИ СКВЕР,Браничевски сквер
БРАНКА БЈЕГОВИЋА 1.ПРИЛАЗ,Бранка Бјеговића 1. прилаз
БРАНКОВИЋА ПУТ 1 ДЕО,Бранковића пут 1. део
БРАНКОВИЋА ПУТ 2 ДЕО,Бранковића пут 2. део
БРАНКОВИЋА ПУТ 3 ДЕО,Бранковића пут 3. део
БРАНКОВИЋА ПУТ 4 ДЕО,Бранковића пут 4. део
БРАНКОВИЋА ПУТ 5 ДЕО,Бранковића пут 5. део
БРАТСТВА И ЈЕДИНСТВА,Братства и јединства
БРАТСТВА ЈЕДИНСТВА,Братства јединства
БРАТСТВА ЈЕДИНСТВА I,Братства јединства I
БРАТСТВА-ЈЕДИНСТВА,Братства-јединства
БРАТСТВО ЈЕДИНСТВО,Братство јединство
БРАЋЕ ДР ЖИВАНОВИЋА,Браће др Живановића
БРАЋЕ СМИЉАНИЋА 1 ДЕО,Браће Смиљанића 1. део
БРАЋЕ СМИЉАНИЋА 2 ДЕО,Браће Смиљанића 2. део
БРАЋЕ СМИЉАНИЋА 3 ДЕО,Браће Смиљанића 3. део
БРАШКИ ДЕО,Брашки део
БРДЕЖ ДО,Брдеж до
БРДСКА УЛИЦА,Брдска
БРЂАН МАЛА,Брђан мала
БРЕГАЛНИЧКА УЛИЦА,Брегалничка
БРЕЗОВАЧКА УЛИЦА,Брезовачка
БРЕСТИК ПУМПА,Брестик пумпа
БРЕСТОВАЧКА УЛИЦА,Брестовачка
БРЗЕЋКА УЛИЦА,Брзећка
БРИГАДИРСКА УЛИЦА,Бригадирска
БРКИЋЕВА УЛИЦА,Бркићева
БРЊИЧКИ ЗАЛИВ,Брњички залив
БРЊИЧКИ ЗАСЕЛАК,Брњички заселак
БУБАЊСКИ ХЕРОЈИ,Бубањски хероји
БУБАЊСКИ ХЕРОЈИ 2.ПРИЛАЗ,Бубањски хероји 2. прилаз
БУБАЊСКИХ ЖРТАВА,Бубањских жртава
БУГАНОВА БАРА,Буганова бара
БУЈАНОВАЧКА УЛИЦА,Бујановачка
БУКВИЋА ВРЕЛО,Буквића врело
БУЛЕВАР 12.ФЕБРУАР 2.ПРИЛАЗ,Булевар 12. фебруар 2. прилаз
БУЛЕВАР 12.ФЕБРУАР 3.ПРИЛАЗ,Булевар 12. фебруар 3. прилаз
БУЛЕВАР 12.ФЕБРУАР 4.ПРИЛАЗ,Булевар 12. фебруар 4. прилаз
БУЛЕВАР ДР ЗОРАНА ЂИНЂИЋА,Булевар др Зорана Ђинђића
БУЛЕВАР ДР. ЗОРАНА ЂИНЂИЋА,Булевар др Зорана Ђинђића
БУЛЕВАР КРАЉА ПЕТРА ПРВОГ,Булевар краља Петра Првог
БУЛЕВАР КРАЉА ПЕТРА I,Булевар краља Петра Првог
БУЛЕВАР СВЕТОГ ЦАРА КОНСТАНТИНА 4.ПРИЛАЗ,Булевар Светог Цара Константина 4. прилаз
БУЛЕВАР СВЕТОГ ЦАРА КОНСТАНТИНА ПРИЛАЗ,Булевар Светог Цара Константина прилаз
БУЛЕВАР СВЕТОГ ЦАРА КОНСТАНТИНА ПРИЛАЗ 2,Булевар Светог Цара Константина 2. прилаз
БУЛЕВАРСКА УЛИЦА,Булеварска
БУЛУТАНСКА МАХАЛА,Булутанска махала
БУМБАР МАХАЛА,Бумбар махала
БУМБАРСКА МАХАЛА,Бумбарска махала
БУНАВИЧКА УЛИЦА,Бунавичка
БУРДУШЕВА УЛИЦА,Бурдушева
БУЧЈАНСКИ КЕЈ,Бучјански кеј
В.ЖИВОЈИНА МИШИЋА,В. Живојина Мишића
ВАГАНСКА УЛИЦА,Ваганска
ВАЈФЕРТОВА УЛИЦА,Вајфертова
ВАЈФЕРТОВА ЧЕСМА,Вајфертова чесма
ВАЛТРОВИЋЕВА УЛИЦА,Валтровићева
ВАЉА ВРАТНА ЛИВАЂЕ,Ваља вратна ливађе
ВАЉА КУ ФРАСН ВКФ,Ваља ку фрасн
ВАЉА МАРЕ,Ваља маре
ВАЉА МИКА,Ваља мика
ВАЉА САКА,Ваља сака
ВАЉА СТАНКУЛУЈ,Ваља станкулуј
ВАЉЕВСКА УЛИЦА,Ваљевска
ВАЉЕВСКОГ ОДРЕДА,Ваљевског одреда
ВАЉЕВСКОГ ПАРТИЗАНСКОГ ОДРЕДА,Ваљевског партизанског одреда
ВАРАДИНСКА СТАЗА,Варадинска стаза
ВАРВАРИНСКА УЛИЦА,Варваринска
ВАРГА - МОРВАИ САЛАШИ,Варга-Морваи салаши
ВАРДЕНИЧКА УЛИЦА,Варденичка
ВАРДИШТЕ ГОРЊЕ,Вардиште горње
ВАРДИШТЕ ДОЊЕ,Вардиште доње
ВАРОШКА УЛИЦА,Варошка
ВАРТИНА УЛИЦА,Вартина
ВАРТКЕСОВА УЛИЦА,Варткесова
ВАСЕ СТАЈИЋ,Васе Стајића
ВАСЕЉЕНСКИ ЗАСЕЛАК,Васељенски заселак
ВАСИЛИЋА МАЛА,Василића мала
ВАСИЉЕВИЋА ПОЉА,Васиљевића поља
ВАСИЋА МАЛА,Васића мала
ВАСОВА ЛИВАДА,Васова ливада
ВАТИЋКО - ЦАМОВСКА,Ватићко-Цамовска
ВАЦИНА ЦРЕПАНА,Вацина црепана
ВЕЛ.ЧЕЛНИКА РАДИЧА ПОСТУПОВИЋА,Вел. челника Радича Поступовића
ВЕЛАНСКИ ГАЈ,Велански гај
ВЕЛИКА БАРА,Велика бара
ВЕЛИКА БЕЛА РЕКА,Велика бела река
ВЕЛИКА ГЛАВИЦА,Велика главица
ВЕЛИКА ГЛОЖАНА,Велика Гложана
ВЕЛИКА ГОСПОЈИНА,Велика Госпојина
ВЕЛИКА ГРАДИНА,Велика градина
ВЕЛИКА ДРЕНОВА,Велика Дренова
ВЕЛИКА ДУМБРАВА,Велика Думбрава
ВЕЛИКА ЗАЈЧИЦА,Велика Зајчица
ВЕЛИКА ЗЛАТИБОРСКА,Велика златиборска
ВЕЛИКА ЈАСИКОВА,Велика јасикова
ВЕЛИКА КРИВИНА,Велика кривина
ВЕЛИКА ЛЕСКОВА,Велика лескова
ВЕЛИКА ЛИВАДА,Велика ливада
ВЕЛИКА ПЛЕЋА,Велика плећа
ВЕЛИКА ПОЉА,Велика поља
ВЕЛИКА ПОЉАНА,Велика пољана
ВЕЛИКА СЛАНА,Велика слана
ВЕЛИКА УЖИЧКА,Велика ужичка
ВЕЛИКАНА СРПСКОГ СПОРТА,Великана српског спорта
ВЕЛИКЕ ДУБРАВЕ,Велике дубраве
ВЕЛИКЕ КОШАРЕ,Велике кошаре
ВЕЛИКЕ ЛИВАДЕ,Велике ливаде
ВЕЛИКЕ МЕЂЕ НОВА 14,Велике међе нова 14
ВЕЛИКЕ МЕЂЕ НОВА 15,Велике међе нова 15
ВЕЛИКЕ МЕЂЕ НОВА 16,Велике међе нова 16
ВЕЛИКЕ МЕЂЕ НОВА 17,Велике међе нова 17
ВЕЛИКЕ МЕЂЕ НОВА 18,Велике међе нова 18
ВЕЛИКЕ МЕЂЕ НОВА 19,Велике међе нова 19
ВЕЛИКЕ МЕЂЕ НОВА 20,Велике међе нова 20
ВЕЛИКЕ МЕЂЕ НОВА 21,Велике међе нова 21
ВЕЛИКЕ МЕЂЕ НОВА 22,Велике међе нова 22
ВЕЛИКЕ МЕЂЕ НОВА 23,Велике међе нова 23
ВЕЛИКЕ МЕЂЕ НОВА 24,Велике међе нова 24
ВЕЛИКЕ МЕЂЕ НОВА 25,Велике међе нова 25
ВЕЛИКЕ МЕЂЕ НОВА 26,Велике међе нова 26
ВЕЛИКЕ МЕЂЕ НОВА 27,Велике међе нова 27
ВЕЛИКЕ РАНЕ ЗОРЕ,Велике ране зоре
ВЕЛИКЕ СТЕПЕНИЦЕ,Велике степенице
ВЕЛИКЕ ТИЛВЕ,Велике тилве
ВЕЛИКИ БЕЛЕГ,Велики белег
ВЕЛИКИ БУБАЊ,Велики бубањ
ВЕЛИКИ БУНАР,Велики бунар
ВЕЛИКИ ВРАЊ,Велики Врањ
ВЕЛИКИ ВРБАК,Велики врбак
ВЕЛИКИ ЛУГ,Велики луг
ВЕЛИКИ ПАШЊАК,Велики пашњак
ВЕЛИКИ РИТ,Велики рит
ВЕЛИКИ РИТ ЛИБЕ,Велики рит Либе
ВЕЛИКИ СЕЛО,Велико село
ВЕЛИКИ СИГЕТ,Велики сигет
ВЕЛИКИ ШАНАЦ,Велики шанац
ВЕЛИКИ ШОР,Велики шор
ВЕЛИКИХ ЛИВАДА,Великих ливада
ВЕЛИКОГ ЖУПАНА ТИХОМИРА II,Великог Жупана Тихомира II
ВЕЛИКОГ-МАЛОГ ЧОВЕКА,Великог-малог човека
ВЕЉИНА УЛИЦА,Вељина
ВЕНАЦ БАЊСКИ,Венац бањски
ВЕНАЦ ВОЈВОДЕ ПЕТРА БОЈОВИЋА,Венац војводе Петра Бојовића
ВЕНАЦ ВОЈВОДЕ РАДОМИРА ПУТНИКА,Венац војводе Радомира Путника
ВЕНАЦ ВОЈВОДЕ СТЕПЕ СТЕПАНОВИЋА,Венац војводе Степе Степановића
ВЕНАЦ ОСЛОБОДИЛАЦА БЕОГРАДА,Венац ослободилаца Београда
ВЕНАЦ ОСЛОБОДИЛАЦА БЕОРАДА,Венац ослободилаца Београда
ВЕНАЦ СЛОБОДЕ,Венац слободе
ВЕРИГОВА БАРА,Веригова бара
ВЕРОВАЧКА УЛИЦА,Веровачка
ВЕСЛАЧКИ КЛУБ,Веслачки клуб
ВЕТЕРНИЧКИ ТРГ,Ветернички трг
ВИДИКОВАЧКА УЛИЦА,Видиковачка
ВИДИН ГРАД,Видин град
ВИДИЋА СТЈЕНА,Видића стијена
ВИДОВАЧКА УЛИЦА,Видовачка
ВИДОВДАНСКА УЛИЦА,Видовданска
ВИДОВДАНСКИ ТРГ,Видовдански трг
ВИДОЈА ЈОВАНОВИЋА ПРИЛАЗ 1,Видоја Јовановића прилаз 1
ВИДОЈА ЈОВАНОВИЋА ПРИЛАЗ 2,Видоја Јовановића прилаз 2
ВИДОЈА ЈОВАНОВИЋА ПРИЛАЗ 3,Видоја Јовановића прилаз 3
ВИДСКА УЛИЦА,Видска
ВИЗАНТИЈСКА УЛИЦА,Византијска
ВИКТОРА ИГА,Виктора Игоа
ВИЛИНА ВОДА,Вилина вода
ВИЛИНЕ КОСИЦЕ,Вилине косице
ВИЛИНЕ СТРАНЕ,Вилине стране
ВИЛСКО КОЛО,Вилско коло
ВИНОГРАДАРСКА УЛИЦА,Виноградарска
ВИНОГРАДАРСКА I ДЕО,Виноградарска I део
ВИНОГРАДАРСКА II ДЕО,Виноградарска II део
ВИНОГРАДАРСКА III ДЕО,Виноградарска III део
ВИНОГРАДСКА 1 ПРИЛАЗ,Виноградска 1. прилаз
ВИНОГРАДСКИ ЛУГ,Виноградски луг
ВИНСКА УЛИЦА,Винска
ВИНЧАНСКИХ РУДАРА,Винчанских рудара
ВИНЧИНА ВОДА,Винчина вода
ВИСЕЋИ МОСТ,Висећи мост
ВИСОКА ЧУКА,Висока чука
ВИСОКОГ СТЕВАНА 1 ПРИЛАЗ,Високог Стевана 1. прилаз
ВИСОЧКА РЖАНА,Височка ржана
ВИСОЧКА УЛИЦА,Височка
ВИТЕЗОВА БЕЛОГ ОРЛА,Витезова белог орла
ВИТОМИРА НИКОЛИЋА 1 ДЕО,Витомира Николића 1. део
ВИТОМИРА НИКОЛИЋА 2 ДЕО,Витомира Николића 2. део
ВИТОМИРА НИКОЛИЋА 3 ДЕО,Витомира Николића 3. део
ВИТОМИРА НИКОЛИЋА 4 ДЕО,Витомира Николића 4. део
ВИТРУКОВА УЛИЦА,Витрукова
ВИЋОВ ЗАСЕЛАК,Вићов заселак
ВИШЕ СЕЛО,Више село
ВИШЕГРАДСКА УЛИЦА,Вишеградска
ВИШЊИН ЦВЕТ,Вишњин цвет
ВИШЊИНА УЛИЦА,Вишњина
ВИШЊИЧКА УЛИЦА,Вишњичка
ВЛАДАНА ШИЋЕВИЋА КРАК 1,Владана Шићевића - крак 1
ВЛАДИКЕ ПАЈСИЈЕ,Владике Пајсија
ВЛАДИМИРА БУКЕЛИЋА,Владимира Букилића
ВЛАДИМИРА БУКИЛИЧА,Владимира Букилића
ВЛАДИСЛАВА ПЕТКОВИЋА-ДИСА,Владислава Петковића Диса
ВЛАДИЧИНЕ ЊИВЕ,Владичине њиве
ВЛАКЧАНСКИХ ХЕРОЈА,Влакчанских хероја
ВЛАСТИМИРА ЂУЗЕ СТОИЉКОВИЋА,Властимира Ђузе Стојиљковића
ВЛАСТИМИРА СТАНИШИЋА-ЛАЦИЈА,Властимира Станишића Лација
ВЛАШКА МАЛА,Влашка мала
ВЛАШКА МАХАЛА,Влашка махала
ВЛАШКА ПОЉАНА,Влашка пољана
ВЛАШКА УЛИЦА,Влашка
ВЛАШКАНСКО НОВО НАСЕЉЕ,Влашканско ново насеље
ВЛАШКЕ БУНЕ,Влашке буне
ВЛАШКЕ ЊИВЕ,Влашке њиве
ВЛАШКИ ЛУГ,Влашки луг
ВЛАШКО СЕЛО,Влашко село
ВЛАШКО ШУМСКА,Влашко шумска
ВОДЕНИЧАРСКА УЛИЦА,Воденичарска
ВОДЕНИЧКА ПАДИНА,Воденичка падина
ВОДЕНИЧКА УЛИЦА,Воденичка
ВОДЕНИЧКИ РИД,Воденички рид
ВОДИЧКЕ ЧЕСМЕ,Водичке чесме
ВОДНИЧКА УЛИЦА,Водничка
ВОДОВОДСКА  2 ДЕО,Водоводска 2. део
ВОДОВОДСКА  6 ДЕО,Водоводска 6. део
ВОЖД КАРАЂОРЂА,Вожда Карађорђа
ВОЖДА КАРАЂОРЂА,Вожда Карађорђа
ВОЈВОДЕ НОВАКА 1 ДЕО,Војводе Новака 1. део
ВОЈВОДЕ НОВАКА 10 ДЕО,Војводе Новака 10. део
ВОЈВОДЕ НОВАКА 11 ДЕО,Војводе Новака 11. део
ВОЈВОДЕ НОВАКА 12 ДЕО,Војводе Новака 12. део
ВОЈВОДЕ НОВАКА 13 ДЕО,Војводе Новака 13. део
ВОЈВОДЕ НОВАКА 2 ДЕО,Војводе Новака 2. део
ВОЈВОДЕ НОВАКА 3 ДЕО,Војводе Новака 3. део
ВОЈВОДЕ НОВАКА 4 ДЕО,Војводе Новака 4. део
ВОЈВОДЕ НОВАКА 5 ДЕО,Војводе Новака 5. део
ВОЈВОДЕ НОВАКА 6 ДЕО,Војводе Новака 6. део
ВОЈВОДЕ НОВАКА 7 ДЕО,Војводе Новака 7. део
ВОЈВОДЕ НОВАКА 8 ДЕО,Војводе Новака 8. део
ВОЈВОДЕ НОВАКА 9 ДЕО,Војводе Новака 9. део
ВОЈВОДЕ ТАНКОСИЋА 1.ПРИЛАЗ,Војводе Танкосића 1. прилаз
ВОЈВОДЕ ТАНКОСИЋА 2.ПРИЛАЗ,Војводе Танкосића 2. прилаз
ВОЈВОДЕ ТАНКОСИЋА 3.ПРИЛАЗ,Војводе Танкосића 3. прилаз
ВОЈВОДЕ ТОМЕ ВУЧИЋА-ПЕРИШИЋА,Војводе Томе Вучића-Перишића
ВОЈВОДСКА УЛИЦА,Војводска
ВОЈВОЂАНСКИХ ДОСЕЉЕНИКА,Војвођанских досељеника
ВОЈИНОВИЋА КУЛА,Војиновића кула
ВОЈКОВАЧКА УЛИЦА,Војковачка
ВОЈНИ ПУТ 2,Војни пут 2
ВОЈНОТЕХНИЧКОГ ЗАВОДА,Војнотехничког завода
ВОЛУЈСКИ ЗАСЕЛАК,Волујски заселак
ВОЋАРСКА 1 ПРИЛАЗ,Воћарска 1. прилаз
ВРАЖА ПАДИНА,Вража падина
ВРАЊА БАРА,Врања бара
ВРАЊЕВАЧКА УЛИЦА,Врањевачка
ВРАЊСКИХ ДОБРОВОЉАЦА,Врањских добровољаца
ВРАЊСКИХ ИЗВИЂАЧА,Врањских извиђача
ВРАТЊАНСКА КАПИЈА,Вратњанска капија
ВРБИЧКА ЧЕСМА,Врбичка чесма
ВРБНИЧКА УЛИЦА,Врбничка
ВРБОВАЧКИ ЛУГ,Врбовачки луг
ВРГОЛОМСКА МАХАЛА,Врголомска махала
ВРЛА СТРАНА,Врла страна
ВРЛЕ СТРАНЕ,Врле стране
ВРЛЕТИНА СТРАНА,Врлетина страна
ВРЊАЧКИ ПАРТИЗАНСКИ ОДРЕД,Врњачки партизански одред
ВРШАЧКА УЛИЦА,Вршачка
ВРШАЧКИХ ПЛАНИНА,Вршачких планина
ВРШЕВАЧИ ПУТ,Вршевачки пут
ВРШКА ЧУКА,Вршка Чука
ВУЈАНОВСКИ РИД,Вујановски рид
ВУЈИЋА БРДО,Вујића брдо
ВУКА С.КАРАЏИЋА,Вука Стефановића Караџића
ВУКАНОВА УЛИЦА,Вуканова
ВУКАШИНА ЕРИЋА-КРАК 1,Вукашина Ерића - крак 1
ВУКАШИНА ЕРИЋА-КРАК 1А,Вукашина Ерића - крак 1А
ВУКАШИНА ЕРИЋА-КРАК 2,Вукашина Ерића - крак 2
ВУКАШИНА ЕРИЋА-КРАК 3,Вукашина Ерића - крак 3
ВУКАШИНА ЕРИЋА-КРАК 4,Вукашина Ерића - крак 4
ВУКАШИНА ЕРИЋА-КРАК 5,Вукашина Ерића - крак 5
ВУКАШИНА ЕРИЋА-КРАК 6,Вукашина Ерића - крак 6
ВУКАШИНА ЕРИЋА-КРАК 6А,Вукашина Ерића - крак 6А
ВУКАШИНА ЕРИЋА-КРАК 6Б,Вукашина Ерића - крак 6Б
ВУКАШИНА ЕРИЋА-КРАК 6В,Вукашина Ерића - крак 6В
ВУКАШИНА ЕРИЋА-КРАК 6Г,Вукашина Ерића - крак 6Г
ВУКАШИНА ЕРИЋА-КРАК 7,Вукашина Ерића - крак 7
ВУКАШИНА ЕРИЋА-КРАК 9,Вукашина Ерића - крак 9
ВУКИН ЗАСЕЛАК,Вукин заселак
ВУКОВА УЛИЦА,Вукова
ВУКОВАРСКОГ КОНГРЕСА,Вуковарског конгреса
ВУКОВИЋА ДО,Вуковића до
ВУКОТИНА ЛУКА,Вукотина лука
ВУЧИН ВРХ,Вучин врх
ВУЧИНА МАХАЛА,Вучина махала
ВУЧИНАЧКА УЛИЦА,Вучиначка
ВУЧЈА ЛОКВА,Вучја локва
ВУЧЈЕ РУПЕ,Вучје рупе
ГАБРОВАЧКИ ПУТ 1.ПРИЛАЗ,Габровачки пут 1. прилаз
ГАБРОВАЧКИ ПУТ 2.ДЕО,Габровачки пут 2. део
ГАБРОВАЧКИ ПУТ 2.ПРИЛАЗ,Габровачки пут 2. прилаз
ГАБРОВАЧКИ ПУТ 3.ПРИЛАЗ,Габровачки пут 3. прилаз
ГАБРОВАЧКИ ПУТ 4.ПРИЛАЗ,Габровачки пут 4. прилаз
ГАБРОВАЧКИ ПУТ 5.ПРИЛАЗ,Габровачки пут 5. прилаз
ГАЗИМЕСТАНСКА УЛИЦА,Газиместанска
ГАЗИМЕСТАНСКИ ТРГ,Газиместански трг
ГАЈДАШКА УЛИЦА,Гајдашка
ГАЈЕВАЧКА УЛИЦА,Гајевачка
ГАРАШКА УЛИЦА,Гарашка
ГАРВАНСКА МАХАЛА,Гарванска махала
ГАРЕЈСКА МАХАЛА,Гарејска махала
ГВОЗДЕНА ПАУНОВИЋА-КРАК 1,Гвоздена Пауновића - крак 1
ГЕЛИНА МАХАЛА,Гелина махала
ГЕНЕРАЛ ЖДАНОВА 1 ПРИЛАЗ,Генерала Жданова 1. прилаз
ГЕНЕРАЛСКА УЛИЦА,Генералска
ГИДРИНА УЛИЦА,Гидрина
ГЛАВНА ЈЕЛОВИЧКА УЛИЦА,'Главна Јеловичка
ГЛАВНА УЛИЦА,Главна
ГЛАВНИ ПУТ КРОЗ РИЂАГЕ,Главни пут кроз Риђаге
ГЛАВНИ ПУТ КРОЗ СЕЛО,Главни пут кроз село
ГЛАВНИ ПУТ-КРАК 1,Главни пут - крак 1
ГЛАДНИ ДЕЛ,Гладни дел
ГЛАДНИ ДЕО,Гладни део
ГЛЕДИЋКА УЛИЦА,Гледићка
ГЛИНКИНА УЛИЦА,Глинкина
ГЛИНСКИХ ЖРТАВА 1941. ГОДИНЕ,Глинских жртава 1941. године
ГЛОШКОПЛАНСКА МАХАЛА,Глошкопланска махала
ГОЛУБАЧКИ ТРГ,Голубачки трг
ГОРЉОМАЛСКИ ТРГ,Горљомалски трг
ГОРЊА БРДА МАЛА,Горња Брда мала
ГОРЊА МАЛА,Горња мала
ГОРЊА МАХАЛА,Горња махала
ГОРЊАНСКА УЛИЦА,Горњанска
ГОРЊЕ ЛИВАДЕ,Горње ливаде
ГОРЊИ КРАЈ 1 ДЕО,Горњи крај 1. део
ГОРЊИ КРАЈ 2 ДЕО,Горњи крај 2. део
ГОРЊОМАТЕЈЕВАЧКА 1.ПРИЛАЗ,Горњоматејевачка 1. прилаз
ГОРЊОМАТЕЈЕВАЧКА 2.ПРИЛАЗ,Горњоматејевачка 2. прилаз
ГОРЊОМАТЕЈЕВАЧКА 3.ПРИЛАЗ,Горњоматејевачка 3. прилаз
ГОРЊОМАТЕЈЕВАЧКА 4.ПРИЛАЗ,Горњоматејевачка 4. прилаз
ГОРЊОМАТЕЈЕВАЧКА 5.ПРИЛАЗ,Горњоматејевачка 5. прилаз
ГОРЊОМАТЕЈЕВАЧКА 6.ПРИЛАЗ,Горњоматејевачка 6. прилаз
ГОРЊОМАТЕЈЕВАЧКА 7.ПРИЛАЗ,Горњоматејевачка 7. прилаз
ГОРЊОМАТЕЈЕВАЧКА 8.ПРИЛАЗ,Горњоматејевачка 8. прилаз
ГОСТУНСКА УЛИЦА,Гостунска
ГОЧ МАЛА,Гоч мала
ГРАДИНСКА УЛИЦА,Градинска
ГРАДИТЕЉСКА УЛИЦА,Градитељска
ГРАДСКИ КЕЈ,Градски кеј
ГРАЧАНИЧКА УЛИЦА,Грачаничка
ГРГУРЕВАЧКА УЛИЦА,Гргуревачка
ГРДЕЛИЧКА УЛИЦА,Грделичка
ГРИВШТАНСКА УЛИЦА,Гривштанска
ГРНЧАРСКА УЛИЦА,Грнчарска
ГРОБЉАНСКА 2 ЛЕВИ ПРИЛАЗ,Гробљанска 2. леви прилаз
ГРОЛОВА УЛИЦА,Гролова
ГРОЧАНСКА УЛИЦА,Грочанска
ГРОЧИЋЕВА 1 ПРИЛАЗ,Грочићева 1. прилаз
ГРУИНА МАХАЛА,Груина махала
ГРУЈЕ А.КОСТАДИНОВИЋА,Грује А. Костадиновића
ГРУЈИЋЕВИ САЛАШИ,Грујићеви салаши
ГРЧКА МАХАЛА,Грчка махала
ГРЧКА УЛИЦА,Грчка
ГРЧКО ГРОБЉЕ,Грчко гробље
ГУЗОБИЈСКА МАХАЛА,Гузобијска махала
ГУМНИШКА МАХАЛА,Гумнишка махала
ДАВАОЦА КРВИ,Даваоца крви
ДАВИДОВА УЛИЦА,Давидова
ДАЛЕКИ ХОРИЗОНТИ,Далеки хоризонти
ДАН И НОЋ,Дан и ноћ
ДАНОНОВА УЛИЦА,Данонова
ДАЊИНО СЕЛО,Дањино село
ДАРВИНОВА УЛИЦА,Дарвинова
ДАЧОВ ПРОЛАЗ,Дачов пролаз
ДВА ЗЕМЉАКА,Два земљака
ДВАДЕСЕТ ПЕТОГ ФЕБРУАРА,Двадесет петог фебруара
ДВАДЕСЕТДРУГОГ ДЕЦЕМБРА 1 ПРИЛАЗ,Двадесетдругог децембра 1. прилаз
ДВАДЕСЕТДРУГОГ ДЕЦЕМБРА 2 ПРИЛАЗ,Двадесетдругог децембра 2. прилаз
ДВАДЕСЕТДРУГОГ ДЕЦЕМБРА 3 ПРИЛАЗ,Двадесетдругог децембра 3. прилаз
ДВАДЕСЕТЧЕТРВРТОГ МАРТА,Двадесетчетвртог марта
ДВАДЕСТ ШЕСТИ ФЕБРУАР,Двадесет шести фебруар
ДВАНАЕСТОГ ПЕШАДИЈСКОГ ПУКА,Дванаестог пешадијског пука
ДЕБЕЛА ГЛАВА,Дебела глава
ДЕБЕЛИ ЛУГ,Дебели луг
ДЕБЕЛИ РИД,Дебели рид
ДЕБЕЉАК ГОРЊИ,Дебељак горњи
ДЕБИНА УЛИЦА,Дебина
ДЕВЕДЕСЕТДЕВЕТ ПАЛИХ БОРАЦА,Деведесетдевет палих бораца
ДЕВЕТЕ СРПСКЕ НО УДАРНЕ БРИГАД,Девете српске Но ударне бригаде
ДЕВЕТИ ПУК,Девети пук
ДЕВИЦА ЗАПАД,Девица запад
ДЕВИЦА ИСТОК,Девица исток
ДЕВИЦА СЕВЕР,Девица север
ДЕГУРИЧКА УЛИЦА,Дегуричка
ДЕДИНА РУПА,Дедина рупа
ДЕЖЕА КОСТОЛАЊИА,Дежеа Костолањија
ДЕЖЕЈА КОСТОЛАЊИЈА,Дежеа Костолањија
ДЕЛИБЛАТСКИ РИТ,Делиблатски рит
ДЕЛИГРАДСКА УЛИЦА,Делиградска
ДЕНИЋА МАХАЛА,Денића махала
ДЕСЕТАРСКА УЛИЦА,Десетарска
ДЕСНА МАЛА,Десна мала
ДЕСПОТОВАЧКА МАХАЛА,Деспотовачка махала
ДЕЦЕМБАРСКИХ ЖРТАВА,Децембарских жртава
ДЕЧИЈЕ СЕЛО,Дечије село
ДЕЧИЈЕГ ОСМЕХА,Дечијег осмеха
ДИВАЧКЕ ЛУКЕ,Дивачке луке
ДИВАЧКЕ СТРАНЕ,Дивачке стране
ДИВЉИХ КЕСТЕНОВА,Дивљих кестенова
ДИНЕВСКА МАХАЛА,Диневска махала
ДО Е ЂЕРЂА,До Е. Ђерђа
ДОБАНОВАЧКИ ЗАБРАН,Добановачки забран
ДОБАНОВАЧКИ ПУТ 1 ДЕО,Добановачки пут 1. део
ДОБАНОВАЧКИ ПУТ 2 ДЕО,Добановачки пут 2. део
ДОБАНОВАЧКИ ПУТ 3 ДЕО,Добановачки пут 3. део
ДОБАНОВАЧКИ ПУТ 4 ДЕО,Добановачки пут 4. део
ДОБРА ВОДА,Добра вода
ДОБРА ЗЕМЉА,Добра земља
ДОБРА ЈАБУКА,Добра јабука
ДОБРЕ ЛУКЕ,Добре Луке
ДОБРИ ДОЛ,Добри дол
ДОБРИ ДУБ,Добри дуб
ДОБРИВОЈА ЈОВАНОВИЋА 1 ПРИЛАЗ,Добривоја Јовановића 1. прилаз
ДОБРИВОЈА ЈОВАНОВИЋА 2 ДЕО,Добривоја Јовановића 2. део
ДОБРИВОЈА ЈОВАНОВИЋА 2 ПРИЛАЗ,Добривоја Јовановића 2. прилаз
ДОБРИВОЈА ЈОВАНОВИЋА 3 ДЕО,Добривоја Јовановића 3. део
ДОБРИВОЈА ЈОВАНОВИЋА 3 ПРИЛАЗ,Добривоја Јовановића 3. прилаз
ДОБРИВОЈА ЈОВАНОВИЋА 3ДЕО 1 ПР,Добривоја Јовановића 3. део 1. прилаз
ДОБРИВОЈА ЈОВАНОВИЋА 4 ДЕО,Добривоја Јовановића 4. део
ДОБРИВОЈА ЈОВАНОВИЋА 5 ДЕО,Добривоја Јовановића 5. део
ДОБРИВОЈА ЈОВАНОВИЋА 6 ДЕО,Добривоја Јовановића 6. део
ДОБРИХ КОМШИЈА,Добрих комшија
ДОБРИЧКИХ ХЕРОЈА,Добричких хероја
ДОБРО СЕЛО,Добро село
ДОДОВА УЛИЦА,Додова
ДОЖА ЂЕРЂ,Дожа Ђерђа
ДОЖА ЂЕРЂЕ,Дожа Ђерђа
ДОЖЕ ЂЕРЂА,Дожа Ђерђа
ДОЈИНА ПАДИНА,Дојина падина
ДОЛИНА БАГРЕМОВА,Долина багремова
ДОЛИНА ЈОРГОВАНА,Долина јоргована
ДОЛИНА ШЕШИРА,Долина шешира
ДОЛИНАРСКА МАХАЛА,Долинарска махала
ДОЛИНЕ БОЖУРА,Долине божура
ДОЛИНЕ БОРОВА,Долине борова
ДОЛИНЕ МИРА,Долине мира
ДОЛНА ДОЛИНА,Долна долина
ДОЉАНСКА ВОДА,Дољанска вода
ДОЉЕ ГОВЕЂАРИШТЕ,Доље говеђариште
ДОЊА БРДА МАЛА,Доња Брда мала
ДОЊА МАЛА,Доња мала
ДОЊА МАХАЛА,Доња махала
ДОЊА ТИСИНА ОБАЛА,Доња Тисина обала
ДОЊЕ БАРЕ 2 ПРИЛАЗ,Доње баре 2. прилаз
ДОЊЕ БЛАТО,Доње блато
ДОЊЕ ДЕОНИЦЕ,Доње деонице
ДОЊЕ ДУБОКЕ,Доње дубоке
ДОЊЕ СЕЛО,Доње село
ДОЊЕ ТРИБУЋЕ-КОЛИБЕ,Доње Трибуће - Колибе
ДОЊИ ВИНОГРАДИ,Доњи виногради
ДОЊИ ВИС,Доњи вис
ДОЊИ ГАЈЕВИ,Доњи гајеви
ДОЊИ ДРЕН,Доњи дрен
ДОЊИ ЛУГ,Доњи луг
ДОЊИ МАРКОВ РИД,Доњи Марков рид
ДОЊОВЛАШКА ПР.1,Доњовлашка пр. 1
ДОЊОВЛАШКА ПР.2,Доњовлашка пр. 2
ДОЊОВЛАШКА ПР.3,Доњовлашка пр. 3
ДОЊОВЛАШКА ПР.4,Доњовлашка пр. 4
ДОЊОВЛАШКА ПР.5,Доњовлашка пр. 5
ДОЊОВЛАШКА ПР.6,Доњовлашка пр. 6
ДОЊОВЛАШКА ПР.7,Доњовлашка пр. 7
ДОЊОВЛАШКА ПР.8,Доњовлашка пр. 8
ДОЊОВЛАШКА ПР.9,Доњовлашка пр. 9
ДОСИТЕЈА ВАСИЋА ПР.1,Доситеја Васића прилаз 1
ДОСИТЕЈА ВАСИЋА ПР.2,Доситеја Васића прилаз 2
ДОСИТЕЈЕВА УЛИЦА,Доситејева
ДОСИТЕЉА ОБРАДОВИЋА,Доситеја Обрадовића
ДОСТИНА ВОДА,Достина вода
ДОСТИТЕЈА ОБРАДОВИЋА,Доситеја Обрадовића
ДР БОРИВОЈА ГЊАТИЋА,Др Боривоја Гњатића
ДР БРАНКА ЈОКСИМОВИЋА,Др Бранка Јоксимовића
ДР ДРАГУТИНА ГРЧИЋА,Др Драгутина Грчића
ДР ПЕТРА ПЕТРОВИЋА 2.ПРИЛАЗ,Др Петра Петровића 2. прилаз
ДР ПЕТРА ПЕТРОВИЋА ПРИЛАЗ,Др Петра Петровића прилаз
ДР СУБОТИЋА-СТАРИЈЕГ,Др Суботића старијег
ДР ХОЛУБЕКА,Др Холубека
ДР. ДРАГИШЕ МИШОВИЋА,Др Драгише Мишовића
ДР. ДУШАНА ПОПОВИЋА,Др Душана Поповића
ДР. ЕЈУПА МУШОВИЋА,Др Ејупа Мушовића
ДР. ЖИВИНО СОКАЧЕ,Др Живино сокаче
ДР. ЗОРАНА ЂИНЂИЋА,Др Зорана Ђинђића
ДРАГЕ ВУКИЋЕВИЋА 2 ДЕО,Драге Вукићевића 2. део
ДРАГИ ДЕО,Драги део
ДРАГИЊСКА УЛИЦА,Драгињска
ДРАГОЉУБА РИСТИЋА ПРИЛАЗ 1,Драгољуба Ристића прилаз 1
ДРАГОЉУБА СПАСИЋА 1 ДЕО,Драгољуба Спасића 1. део
ДРАГОЉУБА СПАСИЋА 2 ДЕО,Драгољуба Спасића 2. део
ДРАГОЉУБА СТОЈАНОВИЋА 1 ДЕСНИ ПРИЛАЗ,Драгољуба Стојановића 1. десни прилаз
ДРАГОЉУБА СТОЈАНОВИЋА 1 ЛЕВИ ПРИЛАЗ,Драгољуба Стојановића 1. леви прилаз
ДРАГОЉУБА СТОЈАНОВИЋА 2 ДЕСНИ ПРИЛАЗ,Драгољуба Стојановића 2. десни прилаз
ДРАГОЉУБА СТОЈАНОВИЋА 2 ЛЕВИ ПРИЛАЗ,Драгољуба Стојановића 2. леви прилаз
ДРАГОЉУБА СТОЈАНОВИЋА 3 ДЕСНИ ПРИЛАЗ,Драгољуба Стојановића 3. десни прилаз
ДРАГОСЛАВА БОЈИЋА-КРАК 1,Драгослава Бојића - крак 1
ДРИНЧИЋЕВА УЛИЦА,Дринчићева
ДРУГА НИШАВСКА ПРИЛАЗ 1,Друга Нишавска прилаз 1
ДРУГА НИШАВСКА ПРИЛАЗ 2,Друга Нишавска прилаз 2
ДУБЉАНКА УЛИЦА,Дубљанска
ДУБОЧКА УЛИЦА,Дубочка
ДУБРАВА - ДЕЛ,Дубрава - дел
ДУБРАВА-СУВОДОЛ,Дубрава - суводол
ДУДИНА МАХАЛА,Дудина махала
ДУДИЊСКА МАХАЛА,Дудињска махала
ДУЖ СТАНИЦЕ,Дуж станице
ДУКАТ МАХАЛА,Дукат махала
ДУЛЕНСКИ КЕЈ,Дуленски кеј
ДУНАВСКА УЛИЦА,Дунавска
ДУНАВСКЕ ОБАЛЕ,Дунавске обале
ДУЊАЧКА УЛИЦА,Дуњачка
ДУРМИТОРСКА ПРИЛАЗ,Дурмиторска прилаз
ДУЧИЋЕВА УЛИЦА,Дучићева
ДУШАНА МАЂАРЧИЋА-КОРЧАГИНА2ДЕО,Душана Мађарчића Корчагина 2. део
ДУШАНОВО САЛАШИ,Душаново салаши
ЂЕВЂЕЛИЈСКА ПРИЛАЗ,Ђевђелијска прилаз
ЂЕЛОВСКА МАХАЛА,Ђеловска махала
ЂОКИЋЕВА УЛИЦА,Ђокићева
ЂОРГОВА МАХАЛА,Ђоргова махала
ЂОРИНА МАХАЛА,Ђорина махала
ЂОШИНА МАХАЛА,Ђошина махала
ЂОШИЦКА МАЛА,Ђошицка мала
ЂУРЕ ЂАКОВИЋА,Ђуре Ђаковића
ЂУРИЦКА МАЛА,Ђурицка мала
ЂУШИНА УЛИЦА,Ђушина
ЕЗЕРИНА МАХАЛА,Езерина махала
ЕРИЋА МАЛА,Ерића мала
ЖАГУБИЧКА УЛИЦА,Жагубичка
ЖАРКА ОБРЕШКОГ 1 ДЕО,Жарка Обрешког 1. део
ЖАРКА ОБРЕШКОГ 2 ДЕО,Жарка Обрешког 2. део
ЖЕЛЕЗНИЧКА УЛИЦА,Железничка
ЖЕЉИНСКА УЛИЦА,Жељинска
ЖЕРАВИЧКА МАХАЛА,Жеравичка махала
ЖИВАНИЋА ПУТ-КРАК 1,Живанића пут - крак 1
ЖИКЕ ЖИВКОВИЋА 2 ДЕО,Жике Живковића 2. део
ЖИКЕ ЖИВКОВИЋА 3 ДЕО,Жике Живковића 3. део
ЖИТНА УЛИЦА,Житна
ЖИЧКА УЛИЦА,Жичка
ЖРТАВА ДРУГОГ СВЕТСКОГ РАТА,Жртава Другог светског рата
ЖРТАВА РАТА 1999. ГОДИНЕ,Жртава рата 1999. године
ЖРТАВА РАЦИЈЕ,Жртава рације
ЖРТАВА ФАШИЗМА,Жртава фашизма
ЖРТАВА ФАШИСТИЧКОГ ТЕРОРА,Жртава фашистичког терора
ЖУЈИЋЕВА УЛИЦА,Жујићева
ЖУТИЋА МАЛА,Жутића мала
ЖУТОБАРСКА УЛИЦА,Жутобарска
ЗАВОЈИЦЕ 1 ПРИЛАЗ,Завојице 1. прилаз
ЗАВОЈИЦЕ 2 ПРИЛАЗ,Завојице 2. прилаз
ЗАВОЈИЦЕ 3 ПРИЛАЗ,Завојице 3. прилаз
ЗАВОЈСКА УЛИЦА,Завојска
ЗАДРУГАРСКА УЛИЦА,Задругарска
ЗАДРУЖНА ВИЛА,Задружна вила
ЗАДРУЖНА УЛИЦА,Задружна
ЗАДРУЖНИ ТРГ,Задружни трг
ЗАЈЕЧАРСКА ПРИЛАЗ,Зајечарска прилаз
ЗАЈСКА МАЛА,Зајска мала
ЗАНАТЛИЈСКА УЛИЦА,Занатлијска
ЗАНАТСКА УЛИЦА,Занатска
ЗАНОШКА МАХАЛА,Заношка махала
ЗАОБ.ПУТ ЗВОРНИК-ЉУБОВИЈА,Заобилазни пут Зворник-Љубовија
ЗАРОШКА УЛИЦА,Зарошка
ЗАСАВИЧКА УЛИЦА,Засавичка
ЗАСЕКАК САЛАШ,Заселак салаш
ЗАСЕЛАК БАЈКИНА ПАДИНА,Заселак Бајкина падина
ЗАСЕЛАК БАЈЧЕТИНСКА МАЛА,Заселак Бајчетинска мала
ЗАСЕЛАК БУДАВСКА МАХАЛА,Заселак Будавска махала
ЗАСЕЛАК БУШТРАНСКА МАХАЛА,Заселак Буштранска махала
ЗАСЕЛАК ВРАЊАНСКА МАХАЛА,Заселак Врањанска махала
ЗАСЕЛАК ГОРЊА МАЛА,Заселак Горња мала
ЗАСЕЛАК ГОРЊА МАХАЛА,Заселак Горња махала
ЗАСЕЛАК ГОРЊА МАХАЛА ЈУГ,Заселак Горња махала југ
ЗАСЕЛАК ГОРЊА МАХАЛА СЕВЕР,Заселак Горња махала север
ЗАСЕЛАК ГРЧКА МАХАЛА,Заселак Грчка махала
ЗАСЕЛАК ДОЊА МАЛА,Заселак Доња мала
ЗАСЕЛАК ДОЊА МАХАЛА,Заселак Доња махала
ЗАСЕЛАК ИЛИЋКА МАХАЛА,Заселак Илићка махала
ЗАСЕЛАК ИСТОЧНИ МОЛСКИ САЛАШИ,Заселак Источни Молски салаши
ЗАСЕЛАК ИШЉАНСКА МАХАЛА,Заселак Ишљанска махала
ЗАСЕЛАК КИКИЋА МАЛА,Заселак Кикића мала
ЗАСЕЛАК КОЗАРА САЛАШИ,Заселак Козара салаши
ЗАСЕЛАК КРАГИЋА МАХАЛА,Заселак Крагића махала
ЗАСЕЛАК КРАЉА АЛЕКСАНДРА,Заселак краља Александра
ЗАСЕЛАК КРАЉА МИЛАНА,Заселак краља Милана
ЗАСЕЛАК КРАЉА МИЛУТИНА,Заселак краља Милутина
ЗАСЕЛАК КРАЉА ПЕТРА ПРВОГ,Заселак краља Петра Првог
ЗАСЕЛАК КРАЉА УРОША ПРВОГ,Заселак краља Уроша првог
ЗАСЕЛАК КУРАДИНСКА МАХАЛА,Заселак Курадинска махала
ЗАСЕЛАК ЛЕНИЈА - БИКАРЕВИ САЛАШИ,Заселак Ленија - Бикареви салаши
ЗАСЕЛАК ЛИВАДСКА УЛИЦА,Заселак Ливадска
ЗАСЕЛАК МАЛА,Заселак Мала
ЗАСЕЛАК МАЛА ДОЛИНА,Заселак Мала долина
ЗАСЕЛАК МАЛА ПАРАДА,Заселак Мала парада
ЗАСЕЛАК МАЛА РЕКА,Заселак Мала река
ЗАСЕЛАК МАЛА СТРАНА,Заселак Мала страна
ЗАСЕЛАК МАЛА ЧЕЗАВА,Заселак Мала чезава
ЗАСЕЛАК МАЛА ШУМА,Заселак Мала шума
ЗАСЕЛАК МАЛЕ ЊИВЕ,Заселак Мале њиве
ЗАСЕЛАК МАЛИ ВИС,Заселак Мали вис
ЗАСЕЛАК МАЛИ ДОЛ,Заселак Мали дол
ЗАСЕЛАК МАЛИ МАЧКОВАЦ,Заселак Мали Мачковац
ЗАСЕЛАК МАЛИ ПЕСАК,Заселак Мали песак
ЗАСЕЛАК МАЛИ ПОНОР,Заселак Мали понор
ЗАСЕЛАК МАЛИ РИД,Заселак Мали рид
ЗАСЕЛАК МАЛИ САЛАШ,Заселак Мали салаш
ЗАСЕЛАК МАЛИ СТРЊАК,Заселак Мали стрњак
ЗАСЕЛАК МАЛИ ХОРГОШКИ МАЈОР,Заселак Мали Хоргошки Мајор
ЗАСЕЛАК МАЛИ ЦРВЕНИ БРЕГ,Заселак Мали црвени брег
ЗАСЕЛАК МАХАЛА БАЧЕВИНЕ,Заселак Махала Бачевине
ЗАСЕЛАК МАХАЛА ЋЕЋЕЗ,Заселак Махала Ћећез
ЗАСЕЛАК МИЛЕНКОВА МАЛА,Заселак Миленкова мала
ЗАСЕЛАК ОБЗИР - БАНДОБРАНСКИ САЛАШИ,Заселак Обзир - Бандобрански салаши
ЗАСЕЛАК ОБЗИР - БЛАГОЈЕВИЋИ САЛАШИ,Заселак Обзир - Благојевићи салаши
ЗАСЕЛАК ОСМАНСКА МАХАЛА,Заселак Османска махала
ЗАСЕЛАК ОСТРОВСКА МАЛА,Заселак Островска мала
ЗАСЕЛАК ПАРТИЗАНСКИХ ОДРЕДА,Заселак Партизанских одреда
ЗАСЕЛАК ПАТАРЕГИНА МАХАЛА,'Заселак Патарегина махала
ЗАСЕЛАК ПЕТРОВА МАЛА,Заселак Петрова мала
ЗАСЕЛАК ПИЈОВИЋА МАХАЛА,Заселак Пијовића махала
ЗАСЕЛАК ПОЈАТСКА МАХАЛА,Заселак Појатска махала
ЗАСЕЛАК ПРИЈЕКА КЛАДА,Заселак Пријека клада
ЗАСЕЛАК ПРОДАНОВИЋА МАЛА,Заселак Продановића мала
ЗАСЕЛАК ПРОКИНЕ МЕХАНЕ,Заселак Прокине механе
ЗАСЕЛАК ПРУГЕ,Заселак Пруге
ЗАСЕЛАК ПУМПА ДТД,Заселак Пумпа ДТД
ЗАСЕЛАК ПУПОВАЧКЕ ЛИВАДЕ,Заселак Пуповачке ливаде
ЗАСЕЛАК РИМОВСКА МАЛА,Заселак Римовска мала
ЗАСЕЛАК САВИЋА МАХАЛА,Заселак Савића махала
ЗАСЕЛАК САВОВО ЦЕНТАР,Заселак Савово центар
ЗАСЕЛАК СИМОНОВИЋА МАХАЛА,Заселак Симоновића махала
ЗАСЕЛАК СЛАВИЋА МАХАЛА,Заселак Славића махала
ЗАСЕЛАК СОЛУНКИНА МАХАЛА,Заселак Солункина махала
ЗАСЕЛАК СПАСИЋКИ РИД,Заселак Спасићки рид
ЗАСЕЛАК СРЕДЊА МАХАЛА,Заселак Средња махала
ЗАСЕЛАК СРЕДЊЕ СЕЛО,Заселак Средње село
ЗАСЕЛАК СРЕДЊИ РИД,Заселак Средњи рид
ЗАСЕЛАК СРЕДЊИ РИД ПРЕСЛАПИН,Заселак Средњи рид Преслапин
ЗАСЕЛАК СРЕДЊИ РТ,Заселак Средњи рт
ЗАСЕЛАК СТАМАТОВИЋА ЛИВАДЕ,Заселак Стаматовића ливаде
ЗАСЕЛАК СТОИЉКОВИЋА МАХАЛА,Заселак Стоиљковића махала
ЗАСЕЛАК ТАМЊА МАЛА,Заселак Тамња мала
ЗАСЕЛАК ТАСИНА МАХАЛА,Заселак Тасина махала
ЗАСЕЛАК ТИМИНА ЧЕСМА,Заселак Тимина чесма
ЗАСЕЛАК УТРИНСКА МАХАЛА,Заселак Утринска махала
ЗАСЕЛАК ФЕЈЗОВИЋ МАХАЛА,Заселак Фејзовић махала
ЗАСЕЛАК ФИЛИПОВИЋА МАХАЛА,Заселак Филиповића махала
ЗАСЕЛАК ЦИГАНСКИ КРАК,Заселак Цигански крак
ЗАСЕЛАК ЧОНОПЉАНСКИ ПУТ-ЖИЖИЋЕВИ САЛАШИ,Заселак Чонопљански Пут - Жижићеви салаши
ЗАСЕЛАК ЧОНОПЉАНСКИ ПУТ-ЗЕРИЋЕВИ САЛАШИ,Заселак Чонопљански Пут - Зерићеви салаши
ЗАСЕЛАК ЧОНОПЉАНСКИ ПУТ-РАЦИЋИ САЛАШИ,Заселак Чонопљански Пут - Рацићи салаши
ЗАСЕЛАК ШАИНСКА МАХАЛА,Заселак Шаинска махала
ЗАСЕЛАК ШАПОЊЕ - КНЕЗИ САЛАШИ,Заселак Шапоње - Кнези салаши
ЗАСЕЛАК ШАПОЊЕ - ШЕТРОВАЧА САЛАШИ,Заселак Шапоње - Шетровача салаши
ЗАСЕЛАК ШИБЉИВА ЈАРУГА,Заселак Шибљива јаруга
ЗАСЕЛАК ШИРОКА БАРА,Заселак Широка бара
ЗАСЕЛАК ШИРОКА ОРНИЦА,Заселак Широка орница
ЗАСЕЛАК ШУМСКА МАХАЛА,Заселак Шумска махала
ЗАСЕЛАК ШУМСКА УЛИЦА,Заселак Шумска
ЗАСЕЛАК IV УПРАВА,Заселак IV Управа
ЗАСЕОК МАХАЛА РОСУЉА,Засеок Махала Росуља
ЗАСТАВНИЧКА УЛИЦА,Заставничка
ЗЕЛЕНЧЕВА 1 ДЕО,Зеленчева 1. део
ЗЕМУНСКА 1 ДЕО,Земунска 1. део
ЗЕМУНСКА 11 ДЕО,Земунска 11. део
ЗЕМУНСКА 12 ДЕО,Земунска 12. део
ЗЕМУНСКА 13 ДЕО,Земунска 13. део
ЗЕМУНСКА 14 ДЕО,Земунска 14. део
ЗЕМУНСКА 16 ДЕО,Земунска 16. део
ЗЕМУНСКА 17 ДЕО,Земунска 17. део
ЗЕМУНСКА 18 ДЕО,Земунска 18. део
ЗЕМУНСКА 19 ДЕО,Земунска 19. део
ЗЕМУНСКА 2 ДЕО,Земунска 2. део
ЗЕМУНСКА 21 ДЕО,Земунска 21. део
ЗЕМУНСКА 22 ДЕО,Земунска 22. део
ЗЕМУНСКА 23 ДЕО,Земунска 23. део
ЗЕМУНСКА 4 ДЕО,Земунска 4. део
ЗЕМУНСКА 5 ДЕО,Земунска 5. део
ЗЕМУНСКА 6 ДЕО,Земунска 6. део
ЗЕМУНСКА 7 ДЕО,Земунска 7. део
ЗЕМУНСКА 8 ДЕО,Земунска 8. део
ЗЕМУНСКА 9 ДЕО,Земунска 9. део
ЗЕТСКА УЛИЦА,Зетска
ЗЛАТАРСКА УЛИЦА,Златарска
ЗЛАТАРСКО ШЕТАЛИШТЕ,Златарско шеталиште
ЗЛАТНА ГРЕДА,Златна греда
ЗЛАТНА ДИРКА,Златна дирка
ЗЛАТНА РУЖА,Златна ружа
ЗЛАТНА УЛИЦА,Златна
ЗЛАТНЕ ГРЕДЕ,Златне греде
ЗЛОТСКА УЛИЦА,Злотска
ЗМАЈ ЈОВИНА УЛИЦА,Змај Јовина
ЗМАЈЕВА УЛИЦА,Змајева
ЗУБАЧИШТЕ САЛАШИ,Зубачиште салаши
ИБАРСКИ ОДРЕД,Ибарски одред
ИБРИФОРСКА УЛИЦА,Ибрифорска
ИВАНОВАЧКА УЛИЦА,Ивановачка
ИВАНОВИЋЕВА УЛИЦА,Ивановићева
ИВАНЧЕВАЧКА УЛИЦА,Иванчевачка
ИГЊАТОВИЋА МАЛА,Игњатовића мала
ИЗВОРСКА УЛИЦА,Изворска
ИЛИНДЕНСКА 1.ПРИЛАЗ,Илинденска 1. прилаз
ИЛИНДЕНСКА 2.ПРИЛАЗ,Илинденска 2. прилаз
ИЛИЋА УЛИЦА,Илића
ИЛИЋЕВА УЛИЦА,Илићева
ИМЊАЧА МАЛА,Имњача мала
ИНДУСТРИЈСКА УЛИЦА,Индустријска
ИНДУСТРИЈСКИ ПРОЛАЗ,Индустријски пролаз
ИНЂИЈСКА УЛИЦА,Инђијска
ИСТОЧНА УЛИЦА,Источна
ИСТОЧНИ ВИНОГРАДИ,Источни виногради
ЈАГЊЕВО САЛАШИ,Јагњево салаши
ЈАНИСА ЈАНУЛИСА ПРИЛАЗ,Јаниса Јанулиса прилаз
ЈАНКА ГАГИЋА 1 ПРИЛАЗ,Јанка Гагића 1. прилаз
ЈАРАЧКИХ ЖРТАВА,Јарачких жртава
ЈАСЕНИЧКА УЛИЦА,Јасеничка
ЈАСЕНОВАЧКА УЛИЦА,Јасеновачка
ЈАСЕНОВАЧКИХ ЖРТАВА,Јасеновачких жртава
ЈАСИКОВА УЛИЦА,Јасикова
ЈАСТРЕБАЧКА УЛИЦА,Јастребачка
ЈАСТРЕБОВА УЛИЦА,Јастребова
ЈАТАЧКА УЛИЦА,Јатачка
ЈАШАРЕВИЋ МАХАЛА,Јашаревић махала
ЈБП.ОДРЕД,ЈБП одред
ЈЕВРЕЈСКИХ ЖРТАВА,Јеврејских жртава
ЈЕЛИЧИЋЕВА 4 ДЕО,Јеличићева 4. део
ЈЕЛИЧКА УЛИЦА,Јеличка
ЈЕЛИЧКИ ПУТ - КРАК 1,Јелички пут - крак 1
ЈЕФИМИЈИНА УЛИЦА,Јефимијина
ЈОВАНА БРАНКОВИЋА 1 ДЕО,Јована Бранковића 1. део
ЈОВАНА БРАНКОВИЋА 2 ДЕО,Јована Бранковића 2. део
ЈОВАНА БРАНКОВИЋА 3 ДЕО,Јована Бранковића 3. део
ЈОВАНОВИЋА МАЛА,Јовановића мала
ЈОКИНА УЛИЦА,Јокина
ЈОСИЋКИ САЛАШИ,Јосићки салаши
ЈОЦИЋА МАЛА,Јоцића мала
ЈУЖНА УЛИЦА,Јужна
ЈУЖНО БАНАТСКОГ ОДРЕДА,Јужнобанатског одреда
ЈУХОРСКА УЛИЦА,Јухорска
ЈУХОРСКИ КЕЈ,Јухорски кеј
КАБЛОВСКИ БУНАРИ,Кабловски бунари
КАЂЕНИЧКА УЛИЦА,Кађеничка
КАЛАБИЋА БРДО,Калабића брдо
КАЛАЏИЈСКА МАХАЛА,Калаџијска махала
КАМЕНИЧКА 1.ПРИЛАЗ,Каменичка 1. прилаз
КАМЕНИЧКА 2.ПРИЛАЗ,Каменичка 2. прилаз
КАМЕНИЧКА МАЛА,Каменичка мала
КАМЕНИЧКА УЛИЦА,Каменичка
КАМИЈЕВА УЛИЦА,Камијева
КАМИНСКА МАХАЛА,Каминска махала
КАПЕТАНОВИЋЕВА УЛИЦА,Капетановићева
КАПЛАРСКА УЛИЦА,Капларска
КАРАЂОРЂЕВ ПАРК,Карађорђев парк
КАРАЂОРЂЕВА УЛИЦА,Карађорђева
КАРАЂОРЂЕВАЧКОГ ОДРЕДА,Карађорђевачког одреда
КАРАЂОРЂЕВИХ УСТАНИКА,Карађорђевих устаника
КАРАЛЕЈСКА МАХАЛА,Каралејска махала
КАРАМУТСКА УЛИЦА,Карамутска
КАРАУЛСКА УЛИЦА,Караулска
КАРАЏИНА МАХАЛА,Караџина махала
КАРАЏИНОВА МАХАЛА,Караџинова махала
КАСТАЉАНСКА УЛИЦА,Кастаљанска
КАТАНИЋА МАЛА,Катанића мала
КАЧАРСКА МАХАЛА,Качарска махала
КЕЈ 12.СРПСКЕ БРИГАДЕ,Кеј 12. српске бригаде
КЕЈ 29.ДЕЦЕМБАР,Кеј 29. децембар
КЕЈ 37.САНЏАЧКЕ ДИВИЗИЈЕ,Кеј 37. санџачке дивизије
КЕЈ 9.СРПСКЕ УДАРНЕ БРИГАДЕ,Кеј 9. српске ударне бригаде
КЕЈ ДР. ЗОРАНА ЂИНЂИЋА,Кеј др Зорана Ђинђића
КЕЈ ИНЖЕЊЕРА ДОБРИВОЈА БОЖИЋА,Кеј инжењера Добривоја Божића
КЕЈ КОСОВСКИХ БОЖУРА,Кеј косовских божура
КЕЈ ТИСИН ЦВЕТ,Кеј Тисин цвет
КЕЈ ХЕРОЈА,Кеј хероја
КЕСТЕНОВА УЛИЦА,Кестенова
КИШОВА УЛИЦА,Кишова
КЉУЧ УЛИЦА,Кључ
КНЕЗ МИХАИЛОВ ТРГ,Кнез Михаилов трг
КОБИЉАЧКА УЛИЦА,Кобиљачка
КОВАНЛУЧКА 1.ПРИЛАЗ,Кованлучка 1. прилаз
КОВАНЛУЧКА 2.ПРИЛАЗ,Кованлучка 2. прилаз
КОВАНЛУЧКА 3.ПРИЛАЗ,Кованлучка 3. прилаз
КОВАНЛУЧКА 4.ПРИЛАЗ,Кованлучка 4. прилаз
КОВАНЛУЧКА 5.ПРИЛАЗ,Кованлучка 5. прилаз
КОВАЧЕВА МАХАЛА,Ковачева махала
КОВАЧЕВСКА МАХАЛА,Ковачевска махала
КОЗАРСКА МАХАЛА,Козарска махала
КОЗНИЧКА УЛИЦА,Козничка
КОЈИЋА МАЛА,Којића мала
КОЛАРЧЕВА УЛИЦА,Коларчева
КОЛУБАРСКА ПРИЛАЗ,Колубарска прилаз
КОЛУБАРСКА УЛИЦА,Колубарска
КОНДИНА УЛИЦА,Кондина
КОПАОНИЧКА УЛИЦА,Копаоничка
КОПАОНИЧКИХ ЖРТАВА,Копаоничких жртава
КОРЕН МАЛА,Корен мала
КОРИТАРСКА МАХАЛА,Коритарска махала
КОРИТНИЧКА УЛИЦА,Коритничка
КОСАНЧИЋЕВА УЛИЦА,Косанчићева
КОСАЋАНСКА МАХАЛА,Косаћанска махала
КОСМАЈСКА,Космајска
КОСМАЈСКА 5 ДЕО,Космајска 5. део
КОСМАЈСКА ПАДИНА,Космајска падина
КОСМАЈСКА УЛИЦА,Космајска
КОСМАЈСКИ ОДРЕД,Космајски одред
КОСМАЈСКИ ОДРЕДА,Космајских одреда
КОСМАЈСКИХ ОДРЕДА,Космајских одреда
КОСНИ ПУТ,Косни пут
КОСОВКЕ ДЕВОЈКЕ 1.ПРИЛАЗ,Косовке Девојке 1. прилаз
КОСОВКЕ ДЕВОЈКЕ 2.ПРИЛАЗ,Косовке Девојке 2. прилаз
КОСОВКЕ ДЕВОЈКЕ 3.ПРИЛАЗ,Косовке Девојке 3. прилаз
КОСОВСКА ПРИЛАЗ 1,Косовска прилаз 1
КОСОВСКА ПРИЛАЗ 10,Косовска прилаз 10
КОСОВСКА ПРИЛАЗ 12,Косовска прилаз 12
КОСОВСКА ПРИЛАЗ 13,Косовска прилаз 13
КОСОВСКА ПРИЛАЗ 15,Косовска прилаз 15
КОСОВСКА ПРИЛАЗ 16,Косовска прилаз 16
КОСОВСКА ПРИЛАЗ 17,Косовска прилаз 17
КОСОВСКА ПРИЛАЗ 19,Косовска прилаз 19
КОСОВСКА ПРИЛАЗ 2,Косовска прилаз 2
КОСОВСКА ПРИЛАЗ 21,Косовска прилаз 21
КОСОВСКА ПРИЛАЗ 23,Косовска прилаз 23
КОСОВСКА ПРИЛАЗ 3,Косовска прилаз 3
КОСОВСКА ПРИЛАЗ 4,Косовска прилаз 4
КОСОВСКА ПРИЛАЗ 5,Косовска прилаз 5
КОСОВСКА ПРИЛАЗ 6,Косовска прилаз 6
КОСОВСКА ПРИЛАЗ 7,Косовска прилаз 7
КОСОВСКА ПРИЛАЗ 8,Косовска прилаз 8
КОСОВСКА ПРИЛАЗ 9,Косовска прилаз 9
КОСОВСКА УЛИЦА,Косовска
КОСОВСКИ ТРГ,Косовски трг
КОСТАДИНОВА МАХАЛА,Костадинова махала
КОСТИНСКА МАХАЛА,Костинска махала
КОСТИЋЕВИНА 1-КРАК 1,Костићевина 1 - крак 1
КОСТИЋЕВИНА 1-КРАК 2,Костићевина 1 - крак 2
КОШАРСКА МАХАЛА,Кошарска махала
КРАГУЈЕВАЧКИ ПУТ ОСМИ ДЕО,Крагујевачки пут 8. део
КРАГУЈЕВАЧКИХ ЖРТАВА,Крагујевачких жртава
КРАГУЈЕВАЧКИХ ПРОФЕСОРА,Крагујевачких професора
КРАЈИНСКОГ ОДРЕДА,Крајинског одреда
КРАЉА МИХАИЛА ЗЕТСКОГ 1 ДЕО,Краља Михаила Зетског 1. део
КРАЉА МИХАИЛА ЗЕТСКОГ 2 ДЕО,Краља Михаила Зетског 1. део
КРАЉЕВАЧКА УЛИЦА,Краљевачка
КРАЉЕВАЧКИХ ЖРТАВА,Краљевачких жртава
КРАЊЧЕВИЋЕВА УЛИЦА,Крањчевићева
КРЕМЕНАЦ-КРАК 1,Кременац - крак 1
КРЕМЕНАЦ-КРАК 2,Кременац - крак 2
КРЗНАРСКА УЛИЦА,Крзнарска
КРИВАЈСКА УЛИЦА,Кривајска
КРИВАЈСКИ САЛАШИ,Кривајски салаши
КРОЈАЧКА УЛИЦА,Кројачка
КРСТАНОВА МАХАЛА,Крстанова махала
КРСТОВА УЛИЦА,Крстова
КРУШЕВАЧКА УЛИЦА,Крушевачка
КРУШЕДОЛСКА УЛИЦА,Крушедолска
КУБЕРТЕНОВА УЛИЦА,Кубертенова
КУЗМАНОВИЋА ВИНОГРАД 1 ДЕО,Кузмановића виноград 1. део
КУЗМАНОВИЋА ВИНОГРАД 2 ДЕО,Кузмановића виноград 2. део
КУЗМАНОВИЋЕВА УЛИЦА,Кузмановићева
КУКАВИЧКОГ ОДРЕДА,Кукавичког одреда
КУМАНАЧКОГ ОДРЕДА,Куманачког одреда
КУМОВА МАХАЛА,Кумова махала
КУРСКА ПРИЛАЗ,Курска прилаз
КУРШУМЛИЈСКА УЛИЦА,Куршумлијска
КУСАЊСКА УЛИЦА,Кусањска
ЛАЗЕ КОСТИЋА,Лазе Костића
ЛАЗИНА УЛИЦА,Лазина
ЛАЗИНА ХЛАДЊАЧА - ЈАРАК,Лазина хладњача - јарак
ЛАЗИЋА МАЛА,Лазића мала
ЛАКОВА УЛИЦА,Лакова
ЛАЛОШКА УЛИЦА,Лалошка
ЛАПОВСКА УЛИЦА,Лаповска
ЛАУДОНОВА УЛИЦА,Лаудонова
ЛЕВАЧКОГ ОДРЕДА,Левачког одреда
ЛЕЛИЋКА УЛИЦА,Лелићка
ЛЕНКИНА УЛИЦА,Ленкина
ЛЕПЕНИЧКА УЛИЦА,Лепеничка
ЛЕСКОВАЧКОГ ОДРЕДА,Лесковачког одреда
ЛЕТЊА УЛИЦА,Летња
ЛЕШНИКОВА УЛИЦА,Лешникова
ЛЕШТАРСКА МАХАЛА,Лештарска махала
ЛИВАДИЦЕ ДРУГИ ПРИЛАЗ,Ливадице други прилаз
ЛИВАДСИ ПУТ,Ливадски пут
ЛИВАДСКА УЛИЦА,Ливадска
ЛИКЕ РУЖИЋА 1 ДЕО,Лике Ружића 1. део
ЛИПАРИЋКА УЛИЦА,Липарићка
ЛИПАРСКА УЛИЦА,Липарска
ЛИПЉАНСКА 1 ДЕО,Липљанска 1. део
ЛИПЉАНСКА 2 ДЕО,Липљанска 2. део
ЛИПОВАЧКА 1 ДЕО,Липовачка 1. део
ЛИПОВИЧКИ ПУТ 2 ДЕО,Липовички пут 2. део
ЛИПОВИЧКИ ПУТ 3 ДЕО,Липовички пут 3. део
ЛИПОВИЧКИ ПУТ 4 ДЕО,Липовички пут 4. део
ЛИПОВИЧКИ ПУТ 5 ДЕО,Липовички пут 5. део
ЛИПОВИЧКИ ПУТ 6 ДЕО,Липовички пут 6. део
ЛИСИ ДЕО,Лиси део
ЛИЧАРОВА МАХАЛА,Личарова махала
ЛИЧКА ПРИЛАЗ,Личка прилаз
ЛОВАЧКА КУЋА,Ловачка кућа
ЛОВАЧКА УЛИЦА,Ловачка
ЛОВАЧКИ ЗАСЕЛАК,Ловачки заселак
ЛОЗАНИЋЕВА УЛИЦА,Лозанићева
ЛОЗАНСКИ СКОК ГОРЊИ,Лозанcки cкок горњи
ЛОЗАНСКИ СКОК ДОЊИ,Лозански скок доњи
ЛОЗНИЧКА УЛИЦА,Лозничка
ЛОЗНИЧКОГ ОДРЕДА,Лозничког одреда
ЛОКВАЊСКА УЛИЦА,Локвањска
ЛОМИНА УЛИЦА,Ломина
ЛОМНИЧКИХ ЖРТАВА,Ломничких жртава
ЛУЖАНСКИ ПУТ 2 ДЕО,Лужански пут 2. део
ЛУЖИЧКИХ СРБА ПРИЛАЗ 1,Лужичких Срба прилаз 1
ЛУКАЊСКА УЛИЦА,Лукањска
ЛУКИНА УЛИЦА,Лукина
ЛУЧИЋА ОГРАДА,Лучића ограда
ЛУЧИЧКА МАЛА,Лучичка мала
ЉЕРМОНТОВА УЛИЦА,Љермонтова
ЉУБИСАВА ШАРЧЕВИЋА 1 ДЕО,Љубисава Шарчевића 1. део
ЉУБИЋКА УЛИЦА,Љубићка
ЉУБИЋСКИ ВЕНАЦ 1,Љубићски венац 1
ЉУБИЋСКИ ВЕНАЦ 2,Љубићски венац 2
ЉУБИЋСКИ КЕЈ  - 1 НОВА,Љубићски кеј - 1. нова
ЉУБИЧЕВСКИ РАЈ,Љубичевски рај
ЉУБИЧЕВСКИХ ВИТЕЗОВА,Љубичевских витезова
ЉУБОМИРА МАНОЈЛОВИЋА ПРИЛАЗ 1,Љубомира Манојловића прилаз 1
ЉУБОМИРА МАНОЈЛОВИЋА ПРИЛАЗ 2,Љубомира Манојловића прилаз 2
ЉУКОВО ПУСТАРА,Љуково пустара
ЉУТИ БРЕГ,Љути брег
ЉУТИ ДОЛ,Љути дол
ЉУТИ КРШ,Љути крш
ЉУТОВО САЛАШИ,Љутово салаши
МАГЛОВАЧКА УЛИЦА,Магловачка
МАДАРАШКИ САЛАШИ,Мадарашки салаши
МАЖУРАНИЋЕВА УЛИЦА,Мажуранићева
МАЈОРСКА УЛИЦА,Мајорска
МАЈСКОГ УРАНКА,Мајског уранка
МАЈУРСКИХ ЖРТАВА,Мајурских жртава
МАКСИМА БРАНКОВИЋА 1 ДЕО,Максима Бранковића 1. део
МАЛА БОСНА САЛАШИ,Мала Босна салаши
МАЛА ЈАРУГА,Мала јаруга
МАЛА ЈАСИКОВА,Мала јасикова
МАЛА МАХАЛА,Мала махала
МАЛА ПАЛАНКА,Мала паланка
МАЛА ПАПРАТНА,Мала папратна
МАЛА ПЕРУНИКА,Мала перуника
МАЛА ПЕТРЖА,Мала Петржа
МАЛА ПЕШТА,Мала Пешта
МАЛА ПЛАНА,Мала плана
МАЛА ПОМИЈАЧА,Мала помијача
МАЛА ПРЕВИЈА,Мала Превија
МАЛА ПРЕКО РЕКЕ,Мала преко реке
МАЛА ПУСТАРА,Мала пустара
МАЛА РАВАН,Мала раван
МАЛА РАДА,Мала рада
МАЛА РАЈНА,Мала Рајна
МАЛА РАМАЋА,Мала Рамаћа
МАЛА РЕКА,Мала река
МАЛА РИЈЕКА,Мала ријека
МАЛА РУДИНА,Мала рудина
МАЛА СЛАНА,Мала слана
МАЛА СТАЗА,Мала стаза
МАЛА СТРАНА,Мала страна
МАЛА СУГУБИНА,Мала Сугубина
МАЛА ТИСНИЦА,Мала Тисница
МАЛА ТРЕШЊЕВИЦА,Мала Трешњевица
МАЛА ТУПАНАСКА,Мала тупанаска
МАЛА УЖИЧКА,Мала ужичка
МАЛА УЛИЦА,Мала
МАЛА ЧЕСМА,Мала чесма
МАЛА ШУМА,Мала шума
МАЛАЈНИЧКА УЛИЦА,Малајничка
МАЛЕ МЕЂЕ,Мале међе
МАЛЕ МЕЂЕ 28 НОВА,Мале међе 28. нова
МАЛЕ МЕЂЕ 29 НОВА,Мале међе 29. нова
МАЛЕ МЕЂЕ 30 НОВА,Мале међе 30. нова
МАЛЕ МЕЂЕ 31 НОВА,Мале међе 31. нова
МАЛЕ МЕЂЕ 32 НОВА,Мале међе 32. нова
МАЛЕ МЕЂЕ 33 НОВА,Мале међе 33. нова
МАЛЕ МЕЂЕ 34 НОВА,Мале међе 34. нова
МАЛЕ МЕЂЕ 35 НОВА,Мале међе 35. нова
МАЛЕ МЕЂЕ 36 НОВА,Мале међе 36. нова
МАЛЕ МЕЂЕ 37 НОВА,Мале међе 37. нова
МАЛЕ МЕЂЕ 38 НОВА,Мале међе 38. нова
МАЛЕ МЕЂЕ 39 НОВА,Мале међе 39. нова
МАЛЕ МЕЂЕ 40 НОВА,Мале међе 40. нова
МАЛЕ МЕЂЕ 41 НОВА,Мале међе 41. нова
МАЛЕ МЕЂЕ 42 НОВА,Мале међе 42. нова
МАЛЕ МЕЂЕ 43 НОВА,Мале међе 43. нова
МАЛЕ МЕЂЕ 44 НОВА,Мале међе 44. нова
МАЛЕ МЕЂЕ 45 НОВА,Мале међе 45. нова
МАЛЕ МЕЂЕ 46 НОВА,Мале међе 46. нова
МАЛЕ МЕЂЕ 47 НОВА,Мале међе 47. нова
МАЛЕ МЕЂЕ 48 НОВА,Мале међе 48. нова
МАЛИ ПРОКОП 1 ДЕО,Мали прокоп 1. део
МАЛИНАРСКА УЛИЦА,Малинарска
МАЛО РУЈИШТЕ 1 ДЕО,Мало Рујиште 1. део
МАЛО РУЈИШТЕ 2 ДЕО,Мало Рујиште 2. део
МАЛО РУЈИШТЕ 3 ДЕО,Мало Рујиште 3. део
МАЉЕНСКА УЛИЦА,Маљенска
МАЉЕНСКОГ ОДРЕДА,Маљенског одреда
МАНАСИЈСКА УЛИЦА,Манасијска
МАНАСТИРСКА УЛИЦА,Манастирска
МАНДИНА УЛИЦА,Мандина
МАНДИЋА МАЛА,Мандића мала
МАНОВСКА МАХАЛА,Мановска махала
МАРИНА ДРЖИЋА 1.ПРИЛАЗ,Марина Држића 1. прилаз
МАРИНКОВИЋА УЛИЦА,Маринковића
МАРИЧКА УЛИЦА,Маричка
МАРКОВИЋЕВА УЛИЦА,Марковићева
МАРКОВСКА МАХАЛА,Марковска махала
МАРТОВСКИХ ЖРТАВА,Мартовских жртава
МАРШАЛА ТИТА 1 ПРИЛАЗ,Маршала Тита 1. прилаз
МАРШАЛА ТИТА 2 ПРИЛАЗ,Маршала Тита 2. прилаз
МАСАРИКОВ ТРГ,Масариков трг
МАТАВУЉЕВА УЛИЦА,Матавуљева
МАТАРУШКА УЛИЦА,Матарушка
МАТИЈЕВИЋА БРДО,Матијевића брдо
МАТИЋА МАЛА,Матића мала
МАХАЛА КОЈИНА ЛУКА,Махала Којина лука
МАХАЛА КОЧИН ЛУГ,Махала Кочин луг
МАХАЛА КУСИ ДОЛ,Махала Куси дол
МАХАЛА МЕЗИНА БАРА,Махала Мезина бара
МАЦЕДОНСКИ САЛАШИ,Мацедонски салаши
МАЧВАНСКИ ПАРТИЗАНСКИ ОДРЕД,Мачвански партизански одред
МАЧВАНСКОГ ОДРЕДА,Мачванског одреда
МАШОВИЋА МАХАЛА,Машовића махала
МЕАНДАРСКА УЛИЦА,Меандарска
МЕГАРСКА УЛИЦА,Мегарска
МЕДЛИНШКА УЛИЦА,Медлиншка
МЕЛЕНАЧКОГ ОДРЕДА,Меленачког одреда
МИЛАНА ГЛИГОРИЈЕВИЋА 1 ПРИЛАЗ,Милана Глигоријевића 1. прилаз
МИЛАНА МИТРОВИЋА 1 ДЕО,Милана Митровића 1. део
МИЛАНА МИТРОВИЋА 2 ДЕО,Милана Митровића 2. део
МИЛАНА МИТРОВИЋА 3 ДЕО,Милана Митровића 3. део
МИЛАНА МИТРОВИЋА 4 ДЕО,Милана Митровића 4. део
МИЛАЧКА МАЛА,Милачка мала
МИЛЕВЕ МАРИЋ АЈНШТАЈН ПРИЛАЗ,Милеве Марић Ајнштајн прилаз
МИЛЕШЕВСКА УЛИЦА,Милешевска
МИЛИЈИНЕ ЊИВЕ,Милијине њиве
МИЛИЋ ОД МАЧВЕ,Милић од Мачве
МИЛИЋА МАЛА,Милића мала
МИЛОВАНА МИЛЕНКОВИЋА  2 ДЕО,Милована Миленковића 2. део
МИЛОВАНА МИЛЕНКОВИЋА  3 ДЕО,Милована Миленковића 3. део
МИЛОВАНА МИЛЕНКОВИЋА  4 ДЕО,Милована Миленковића 4. део
МИЛОВАНА МИЛЕНКОВИЋА  5 ДЕО,Милована Миленковића 5. део
МИЛОВАНА МИЛЕНКОВИЋА  6 ДЕО,Милована Миленковића 6. део
МИЛОВАНА МИЛЕНКОВИЋА  7 ДЕО,Милована Миленковића 7. део
МИЛОВАНА МИЛЕНКОВИЋА  9 ДЕО,Милована Миленковића 9. део
МИЛОВАНА МИЛЕНКОВИЋА 10 ДЕО,Милована Миленковића 10. део
МИЛОВАНА МИЛЕНКОВИЋА 11 ДЕО,Милована Миленковића 11. део
МИЛОВАНА МИЛЕНКОВИЋА 3 ДЕО,Милована Миленковића 3. део
МИЛОШЕВ КРАК,Милошев крак
МИСЕ ТОДОРОВИЋА 1 ДЕО,Мисе Тодоровића 1. део
МИЋИЋА МАЛА,Мићића мала
МИЋИЋА УЛИЦА,Мићића
МИЧА-ФЕХЕР САЛАШИ,Мича-Фехер салаши
МИЏОРСКА УЛИЦА,Миџорска
МИШАЉКИНА МАХАЛА,Мишаљкина махала
МИШАРСКА УЛИЦА,Мишарска
МИШИНСКА МАХАЛА,Мишинска махала
МИШИЋЕВО САЛАШИ,Мишићево салаши
МЛАВСКА УЛИЦА,Млавска
МЛАВСКИ КЕЈ,Млавски кеј
МЛАВСКОГ ОДРЕДА,Млавског одреда
МЛИНАРСКА УЛИЦА,Млинарска
МЛИНСКИ ТРГ,Млински трг
МОКРИНСКА УЛИЦА,Мокринска
МОКРИНСКОГ ОДРЕДА,Мокринског одреда
МОЛЕРОВА УЛИЦА,Молерова
МОЛСКИ КЕЈ,Молски кеј
МОМЧИЛА МИЛОВАНОВИЋА-ПРИЛАЗ,Момчила Миловановића прилаз
МОНИКИНА УЛИЦА,Моникина
МОРАВСКА 1 ДЕО,Моравска 1. део
МОРАВСКА 2 ДЕО,Моравска 2. део
МОРАВСКА 3 ДЕО,Моравска 3. део
МОРАВСКЕ ДИВИЗИЈЕ 1.ПРИЛАЗ,Моравске дивизије 1. прилаз
МОРАВСКИ КЕЈ,Моравски кеј
МРТВАРНИЧКА МАХАЛА,Мртварничка махала
МУТАПОВА УЛИЦА,Мутапова
МУЦИЈЕВА УЛИЦА,Муцијева
НАДЕЛСКА УЛИЦА,Наделска улица
НАКЕ СПАСИЋ,Наке Спасић
НАРОДНО ОСЛОБОДИЛАЧКЕ ВОЈСКЕ,Народно ослободилачке војске
НАСЕЉЕ З. ПОЉЕ МАЛА ПРУГА 2ДЕО,Насеље З. поље мала пруга 2. део
НАСЕЉЕ ЗБРАТИМЉЕНИ ГРАДОВИ,Насеље Збратимљени градови
НАСЕЉЕ ЗЕМУН ПОЉЕ МАЛА ПРУГА,Насеље Земун поље Мала пруга
НАСЕЉЕ КОД БЕНЗИНСКЕ ПУМПЕ,Насеље код бензинске пумпе
НАСЕЉЕ ТЕРМОЕЛЕКТРАНЕ,Насеље термоелектране
НЕГОВАНОВИЋА МАЛА,Неговановића мала
НЕМАЧКИХ ИНТЕРНИРАЦА,Немачких интернираца
НЕРЕЗИНСКА УЛИЦА,Нерезинска
НИКА СТРУГАРА 1 ПРИЛАЗ,Ника Стругара 1 прилаз
НИКОЛАЈА Р. КОРСАКОВА,Николаја Р. Корсакова
НИКОЛЕ БАБОВИЋА -БИМБАШЕ,Николе Бабовића - Бимбаше
НИКОЛЕ ТЕЛСЕ,Николе Тесле
НИКОЛЕ ТЕСЛЕ 3 ДЕО,Николе Тесле 3. Део
НИНКОВИЋА МАЛА,Нинковића мала
НИШКА УЛИЦА,Нишка
НОВА МАЛА,Нова мала
НОВА ПИЈАЦА,Нова пијаца
НОВА УЛИЦА,Нова
НОВА-4 ЛУГОВО НАСЕЉЕ КОД ЕЛАНА,Нова-4 Лугово насеље код Елана
НОВИ ЗЛОТСКИ ПУТ,Нови Злотски пут
НОВО НАСЕЉЕ 1 ДЕО,Ново насеље 1. део
НОВО НАСЕЉЕ 2 ДЕО,Ново насеље 2. део
НОВО НАСЕЉЕ 3 ДЕО,Ново насеље 3. део
НОВО СЕЛО 2,Ново Село 2
НОВОСАДСКА УЛИЦА,Новосадска
НОСИОЦА АЛБАНСКЕ СПОМЕНИЦЕ,Носиoца Албанске споменице
ЊЕГОШЕВ ТРГ,Његошев трг
ЊЕГОШЕВА УЛИЦА,Његошева
ОБАРАК-КРАК 1,Обарак - крак 1
ОБЗИРСКИХ ЖРТАВА,Обзирских жртава
ОБИЛИЋ САЛАШИ,Обилић салаши
ОБИЛИЋЕВА УЛИЦА,Обилићева
ОБЛОГЛАВСКА УЛИЦА,Облоглавска
ОБРАДОВИЋЕВА УЛИЦА,Обрадовићева
ОБУЋАРСКА УЛИЦА,Обућарска
ОГАШУ БАРНИ ДЕО,Огашу Барни део
ОЗРЕНСКИХ ЛИВАДА,Озренских ливада
ОЗРЕНСКОГ ОДРЕДА,Озренског одреда
ОЗРЕНСКОГ ПАРТИЗАНСКОГ ОДРЕДА,Озренског партизанског одреда
ОКИЋЕНОГ ПЕНЏЕРА,Окићеног пенџера
ОКРАЧ ПРЕРАСТ,Окрач прераст
ОКТОБАРСКИХ ЖРТАВА,Октобарских жртава
ОЛИМПИЈСКИХ ПОБЕДНИКА,Олимпијских победника
ОМЛАДИНСКА УЛИЦА,Омладинска
ОМЛАДИНСКИ ПАРК,Омладински парк
ОМОЉИЧКА УЛИЦА,Омољичка
ОМОРИЧКА УЛИЦА,Оморичка
ОРАОВ ДОЛ,Ораов дол
ОРАШАЧКА УЛИЦА,Орашачка
ОРВЕЛОВА УЛИЦА,Орвелова
ОРЛОВА ГЛАВА,Орлова глава
ОРЛОВА УМКА,Орлова умка
ОРЛОВИЧКА 1 ПРИЛАЗ,Орловичка 1. прилаз
ОРЛОВОГ КАМЕНА,Орловог камена
ОРФЕЛИНОВА УЛИЦА,Орфелинова
ОСКАРА ДАВИЧА ПРИЛАЗ 1,Оскара Давича прилаз 1
ОСКАРА ДАВИЧА ПРИЛАЗ 2,Оскара Давича прилаз 2
ОСЛОБОЂЕЊА  1 ДЕО,Ослобођења 1. део
ОСЛОБОЂЕЊА  2 ДЕО,Ослобођења 2. део
ОСЛОБОЂЕЊА  3 ДЕО,Ослобођења 3. део
ОСЛОБОЂЕЊА  4 ДЕО,Ослобођења 4. део
ОСЛОБОЂЕЊА  5 ДЕО,Ослобођења 5. део
ОСЛОБОЂЕЊА  6 ДЕО,Ослобођења 6. део
ОСЛОБОЂЕЊА  7 ДЕО,Ослобођења 7. део
ОСЛОБОЂЕЊА  8 ДЕО,Ослобођења 8. део
ОСЛОБОЂЕЊА  9 ДЕО,Ослобођења 9. део
ОСЛОБОЂЕЊА 10 ДЕО,Ослобођења 10. део
ОСЛОБОЂЕЊА 11 ДЕО,Ослобођења 11. део
ОСЛОБОЂЕЊА 12 ДЕО,Ослобођења 12. део
ОСЛОБОЂЕЊА 5 ДЕО,Ослобођења 5. део
ОСМА ВОЈВОЂАНСКА БРИГАДА,Осма војвођанска бригада
ОСМИ КОНГРЕС ПРИЛАЗ,Осми Конгрес прилаз
ОСНИЋКА УЛИЦА,Оснићка
ОСТРОШКА УЛИЦА,Острошка
ОФИЦИРСКА КОЛОНИЈА 1 ДЕО,Официрска колонија 1. део
ОФИЦИРСКА КОЛОНИЈА 2 ДЕО,Официрска колонија 2. део
ОФИЦИРСКА КОЛОНИЈА 3 ДЕО,Официрска колонија 3. део
ОФИЦИРСКА КОЛОНИЈА 4 ДЕО,Официрска колонија 4. део
ОФИЦИРСКА КОЛОНИЈА 5 ДЕО,Официрска колонија 5. део
ОФИЦИРСКА КОЛОНИЈА 6 ДЕО,Официрска колонија 6. део
ОШЉАЧКА УЛИЦА,Ошљачка
ПАВЛА НИКОЛИЋА 1 ПРИЛАЗ,Павла Николића 1. прилаз
ПАВЛА САВИЋА ПРИЛАЗ 1,Павла Савића прилаз 1
ПАВЛА САВИЋА ПРИЛАЗ 2,Павла Савића прилаз 2
ПАВЛА САВИЋА ПРИЛАЗ 3,Павла Савића прилаз 3
ПАВЛА САВИЋА ПРИЛАЗ 4,Павла Савића прилаз 4
ПАВЛОВАЧКА УЛИЦА,Павловачка
ПАДИЊСКА МАХАЛА,Падињска махала
ПАЛИСАДСКА 1 ДЕО,Палисадска 1. део
ПАЛИСАДСКА 2 ДЕО,Палисадска 2. део
ПАЛИСАДСКА ПРИЛАЗ 1,Палисадска прилаз 1
ПАЛИСАДСКА ПРИЛАЗ 2,Палисадска прилаз 2
ПАЛИЋ САЛАШИ,Палић салаши
ПАНДУРИЦЕ 1 ДЕО,Пандурице 1. део
ПАНДУРИЦЕ 2 ДЕО,Пандурице 2. део
ПАНДУРИЦЕ 3 ДЕО,Пандурице 3. део
ПАОРСКА УЛИЦА,Паорска
ПАПИЋА СТАН,Папића стан
ПАПУНКОВ ДЕО,Папунков део
ПАРАДНИ ТРГ,Парадни трг
ПАРГОВА МАХАЛА,Паргова махала
ПАРТИЗАНСКА 1 ДЕО,Партизанска 1. део
ПАРТИЗАНСКА 2 ДЕО,Партизанска 2. део
ПАРТИЗАНСКА 3 ДЕО,Партизанска 3. део
ПАРТИЗАНСКА 5 ДЕО,Партизанска 5. део
ПАРТИЗАНСКИ ОДРЕД,Партизански одред
ПАРТИЗАНСКИ ПУТ 1 ДЕО,Партизански пут 1. део
ПАРТИЗАНСКИ ПУТ 2 ДЕО,Партизански пут 2. део
ПАРТИЗАНСКИ ПУТ 3 ДЕО,Партизански пут 3. део
ПАРТИЗАНСКИ ПУТ 4 ДЕО,Партизански пут 4. део
ПАРТИЗАНСКИ ПУТ 5 ДЕО,Партизански пут 5. део
ПАРТИЗАНСКИ ПУТ 6 ДЕО,Партизански пут 6. део
ПАРТИЗАНСКИ САСТАНАК 2 ДЕО,Партизански састанак 2. део
ПАРТИЗАНСКИ САСТАНАК 3 ДЕО,Партизански састанак 3. део
ПАРТИЗАНСКИХ ВОДА,Партизанских вода
ПАСЈАЧКА ПРИЛАЗ,Пасјачка прилаз
ПАСЈАЧКИ ОДРЕД,Пасјачки одред
ПАСЈАЧКИХ ПАРТИЗАНА,Пасјачких партизана
ПАСЈАЧКОГ ОДРЕДА,Пасјачког одреда
ПАСТИРСКА УЛИЦА,Пастирска
ПАСУЉИШТЕ ЈУГ,Пасуљиште југ
ПАСУЉИШТЕ СЕВЕР,Пасуљиште север
ПАТРИЈАРХА АРСЕНИЈА ИВ,Патријарха Арсенија IV
ПАУНОВА 2 ДЕО,Паунова 2. део
ПАШИНАЧКА УЛИЦА,Пашиначка
ПАШИЋЕВА УЛИЦА,Пашићева
ПЕ КРАК,Пе крак
ПЕКАРСКА УЛИЦА,Пекарска
ПЕСНИЧКА УЛИЦА,Песничка
ПЕТКОВСКА МАХАЛА,Петковска махала
ПЕТРА ДРАПШИНА,Петра Драпшина
ПЕТРЕВА МАХАЛА,Петрева махала
ПЕТРИЋА МАЛА,Петрића мала
ПЕТРОВДАНСКА 1 ПРИЛАЗ,Петровданска 1. прилаз
ПЕТРОВИЋЕВА УЛИЦА,Петровићева
ПЕТРОГРАДСКА УЛИЦА,Петроградска
ПЕТРУНОВА МАХАЛА,Петрунова махала
ПЕЋКА УЛИЦА,Пећка
ПЕШЧАРА УЛИЦА,Пешчара
ПЕШЧАРСКА УЛИЦА,Пешчарска
ПИОНИРСКА УЛИЦА,Пионирска
ПИОНИРСКИ ПАРК,Пионирски парк
ПИОНИРСКИ ТРГ,Пионирски трг
ПИРОТСКИ ОДРЕД,Пиротски одред
ПЛАЧКОВСКА МАХАЛА,Плачковска махала
ПЉАКИНА УЛИЦА,Пљакина
ПОДГАЈСКА УЛИЦА,Подгајска
ПОДУНАВСКА УЛИЦА,Подунавска
ПОДУНАВСКИ ПАРТИЗАНСКИ ОДРЕД,Подунавски партизански одред
ПОЖАРЕВАЧКИ ПАРТИЗАНСКИ ОДРЕД,Пожаревачки партизански одред
ПОЛИТОВА УЛИЦА,Политова
ПОЉСКА УЛИЦА,Пољска
ПОМОРАВСКА УЛИЦА,Поморавска
ПОМОРАВСКИ ХЕРОЈИ,Поморавски хероји
ПОПОВА БАШТА,Попова башта
ПОПОВА ВОДА,Попова вода
ПОПОВА ЛИПА,Попова липа
ПОПОВА МАЛА,Попова мала
ПОПСОВА УЛИЦА,Попсова
ПОРОДИЦЕ ТРАЈКОВИЋ 4 ДЕО,Породице Трајковић 4. део
ПОРУЧНИКА СПАСИЋА И МАШАРЕ,Поручника Спасића и Машере
ПОРУЧНИЧКА УЛИЦА,Поручничка
ПОТЕС ЈЕЗДИНСКО ПОЉЕ - 1 НОВА,Потес Јездинско поље - 1. нова
ПОТЕС РАСТОКА,Потес Растока
ПОТЕС СЛАТИНА,Потес Слатина
ПОТЕС СТАРО СЕЛО,Потес Старо село
ПОТИСКИ КЕЈ,Потиски кеј
ПОТОЧАРСКА УЛИЦА,Поточарска
ПОТОЧКИ КЕЈ,Поточки кеј
ПОЧЕКОВА УЛИЦА,Почекова
ПОЧЕТНА СТАЗА,Почетна стаза
ПРВОГ МАЈА 1 ПРИЛАЗ,Првог маја 1. прилаз
ПРВОГ МАЈА 10 ДЕО,Првог маја 10. део
ПРВОГ МАЈА 11 ДЕО,Првог маја 11. део
ПРВОГ МАЈА 12 ДЕО,Првог маја 12. део
ПРВОГ МАЈА 12 ДЕО ПРИЛАЗ 1,Првог маја 12. део прилаз 1
ПРВОГ МАЈА 2 ДЕО,Првог маја 2. део
ПРВОГ МАЈА 3 ДЕО,Првог маја 3. део
ПРВОГ МАЈА 4 ДЕО,Првог маја 4. део
ПРВОГ МАЈА 5 ДЕО,Првог маја 5. део
ПРВОМАЈСКА 2 ДЕО,Првомајска 2. део
ПРВОМАЈСКА УЛИЦА,Првомајска
ПРЕКОНОШКА УЛИЦА,Преконошка
ПРЕКОРЕЧКА МАЛА,Прекоречка мала
ПРЕСЕЧКА УЛИЦА,Пресечка
ПРЕШЕРНОВА УЛИЦА,Прешернова
ПРИБОЈСКА УЛИЦА,Прибојска
ПРИДВОРИЧКА УЛИЦА,Придворичка
ПРИДОЛСКА МАХАЛА,Придолска махала
ПРИЛАЗ 1.ПРВОКУТИНСКОЈ,Прилаз 1. Првокутинској
ПРОГОРОВАЧКА УЛИЦА,Прогоровачка
ПРОКОПИЈЕВА УЛИЦА,Прокопијева
ПРОЛЕТЕРСКА-ПРИЛАЗ 1,Пролетерска прилаз 1
ПРОЛЕТЕРСКИ РЕД,Пролетерски ред
ПРОЛУПИНЕ 1 ПРИЛАЗ,Пролупине 1. прилаз
ПРОЛУПИНЕ 2 ПРИЛАЗ,Пролупине 2. прилаз
ПРОТЕ ЈЕФТИМИЈА ИВАНОВИЋА 1ДЕО,Проте Јефтимија Ивановића 1. део
ПРОТЕ ЈЕФТИМИЈА ИВАНОВИЋА 2ДЕО,Проте Јефтимија Ивановића 2. део
ПРОТЕ ЈЕФТИМИЈА ИВАНОВИЋА 3ДЕО,Проте Јефтимија Ивановића 3. део
ПРОХОРСКА УЛИЦА,Прохорска
ПУКОВНИЧКА УЛИЦА,Пуковничка
ПУТ ЗА АЛУГЕ 1 ПРИЛАЗ,Пут за Алуге 1. прилаз
ПУТ ЗА БАПСКО ПОЉЕ - КРАК 2,Пут за Бапско поље - крак 2
ПУТ ЗА БОШЊАКЕ 1 ДЕО,Пут за Бошњаке 1. део
ПУТ ЗА БОШЊАКЕ 2 ДЕО,Пут за Бошњаке 2. део
ПУТ ЗА БОШЊАКЕ 3 ДЕО,Пут за Бошњаке 3. део
ПУТ ЗА ГУЧУ - КРАК 1,Пут за Гучу - крак 1
ПУТ ЗА КАТРГУ-КРАК 1,Пут за Катргу - крак 1
ПУТ ЗА КАТРГУ-КРАК 2,Пут за Катргу - крак 2
ПУТ ЗА КОВИЈОНУ 3 ДЕО,Пут за Ковијону 3. део
ПУТ ЗА КРАЉЕВО-КРАК 1,Пут за Краљево - крак 1
ПУТ ЗА МОСТИНЕ - КРАК 1,Пут за Мостине - крак 1
ПУТ ЗА МРЧАЈЕВЦЕ - КРАК 2,Пут за Мрчајевце - крак 2
ПУТ ЗА ПАВИЋЕВАЦ 1 ДЕО,Пут за Павићевац 1. део
ПУТ ЗА ПЕЋИНУ 1 ДЕО,Пут за Пећину 1. део
ПУТ ЗА ПЕЋИНУ 2 ДЕО,Пут за Пећину 2. део
ПУТ ЗА ПОЛУГЕ,Пут за Полуге
ПУТ ЗА ПОПОВЕ ЛИВАДЕ 2 ДЕО,Пут за Попове ливаде 2. део
ПУТ ЗА РУДНИК - КРАК 2,Пут за Рудник - крак 2
ПУТ ЗА СЛАТИНСКУ БАЊУ -КРАК 1,Пут за Слатинску Бању - крак 1
ПУТ ЗА СТУБЛОВЕ 2 ДЕО,Пут за Стублове 2. део
ПУТ ЗА СТУБЛОВЕ 3 ДЕО,Пут за Стублове 3. део
ПУТ ЗА СТУБЛОВЕ 4 ДЕО,Пут за Стублове 4. део
ПУТ ЗА СТУБЛОВЕ 6 ДЕО,Пут за Стублове 6. део
ПУТ ЗА ТРЕШЊУ 1 ДЕО,Пут за Трешњу 1. део
ПУТ ЗА ТРЕШЊУ 3 ДЕО,Пут за Трешњу 3. део
ПУТ ЗА ЦРВЕНКУ 1 ДЕО,Пут за Црвенку 1. део
ПУТ ЗА ЦРВЕНКУ 2 ДЕО,Пут за Црвенку 2. део
ПУТ ЗА ЦРВЕНКУ 3 ДЕО,Пут за Црвенку 3. део
ПУТ ЗА ЦРВЕНКУ 4 ДЕО,Пут за Црвенку 4. део
ПУТ ЗА ЦРВЕНКУ 5 ДЕО,Пут за Црвенку 5. део
ПУТ ЗА ЦРВЕНКУ 6 ДЕО,Пут за Црвенку 6. део
ПУТ ПОРЕД ЦРКВЕ-КРАК 1,Пут поред цркве - крак 1
ПУТ ПОРЕД ЦРКВЕ-КРАК 2,Пут поред цркве - крак 2
ПУТ РАДИШЕ ЗАТЕЖИЋА-КРАК 1,Пут Радише Затежића - крак 1
ПЧЕЛАРСКА УЛИЦА,Пчеларска
ПЧИЊСКА УЛИЦА,Пчињска
РАВАНИЧКА УЛИЦА,Раваничка
РАДАВАЧКА УЛИЦА,Радавачка
РАДЕ СПАСОЈЕВИЋА 1 ДЕО,Раде Спасојевића 1. део
РАДИКИНСКИ ПУТ ПРИЛАЗ 1,Радикински пут прилаз 1
РАДИКИНСКИ ПУТ ПРИЛАЗ 2,Радикински пут прилаз 2
РАДЛОВА МАХАЛА,Радлова махала
РАДНИЧКА КОЛОНИЈА,Радничка колонија
РАДНИЧКА КОЛОНИЈА 1,Радничка колонија 1
РАДНИЧКА КОЛОНИЈА 2,Радничка колонија 2
РАДНИЧКА УЛИЦА,Радничка
РАДНИЧКА УЛИЦА-ЖАРКОВАЦ,Радничка улица - Жарковац
РАДНИЧКИ БАТАЉОН,Раднички батаљон
РАДНИЧКОГ БАТАЉОНА,'Радничког батаљона
РАДОША ЈОВАНОВИЋА-СЕЉЕ 1.ПРИЛАЗ,Радоша Јовановића Сеље 1. прилаз
РАЂЕВСКА УЛИЦА,Рађевска
РАЗВОДНИЧКА УЛИЦА,Разводничка
РАЈКОВА УЛИЦА,Рајкова
РАКЕНДОЛСКА УЛИЦА,Ракендолска
РАНКОВАЦ - КРАК 1,Ранковац - крак 1
РАНКОВИЋА ПРИСЕДО,Ранковића приседо
РАСИНСКА УЛИЦА,Расинска
РАТА САЛАШИ,Рата салаши
РАТАРСКА УЛИЦА,Ратарска
РАТАЧКА УЛИЦА,Ратачка
РАТКА ЈОВИЋА 1.ПРИЛАЗ,Ратка Јовића 1. прилаз
РАТКА РЕСАНОВИЋА 3 ДЕО,Ратка Ресановића 3. део
РАТНИХ ЖРТАВА,Ратних жртава
РАШИНИ САЛАШИ,Рашини салаши
РЕНАРТОВА УЛИЦА,Ренартова
РЕСАВСКА УЛИЦА,Ресавска
РЕТКО РАШЋЕ,Ретко рашће
РЕЧАНСКА МАХАЛА,Речанска махала
РЕЧАНСКА УЛИЦА,Речанска
РЕЧЕВИЋА КУЋЕ,Речевића куће
РЕЏЕВИЋ МАХАЛА,Реџевић махала
РИБАРСКА МАЛА,Рибарска мала
РИБАРСКА УЛИЦА,Рибарска
РИБНИЧКА 1 ЛЕВИ ПРИЛАЗ,Рибничка 1. леви прилаз
РИБОЛОВАЧКА УЛИЦА,Риболовачка
РИВИЧКА УЛИЦА,Ривичка
РИМСКА УЛИЦА,Римска
РИСОВАЧКА УЛИЦА,Рисовачка
РИСТОВАЧКИХ ЖРТАВА,Ристовачких жртава
РИТСКА УЛИЦА,Ритска
РОКОВАЧКА УЛИЦА,Роковачка
РОКСАНДЕ ИГЊАТОВИЋ-ДИМИТРИЈЕВИ,Роксанде Игњатовић Димитријевић
РОМСКИХ ЖРТАВА,Ромских жртава
РТАЊСКА УЛИЦА,Ртањска
РУДИЋ УЛИЦА,Рудић
РУДНИЧКА ПРИЛАЗ 1,Рудничка прилаз 1
РУДНИЧКА ПРИЛАЗ 2,Рудничка прилаз 2
РУДНИЧКА ПРИЛАЗ 3,Рудничка прилаз 3
РУДНИЧКА ПРИЛАЗ 4,Рудничка прилаз 4
РУДНИЧКА ПРИЛАЗ 5,Рудничка прилаз 5
РУДНИЧКА ПРИЛАЗ 6,Рудничка прилаз 6
РУДНИЧКА УЛИЦА,Рудничка
РУЖИНА МАХАЛА,Ружина махала
РУЖИНА ПАДИНА,Ружина падина
РУЖИНА ЋУПРИЈА,Ружина ћуприја
РУЖИНА УЛИЦА,Ружина
РУЈЕВАЧКА УЛИЦА,Рујевачка
РУЈНИЧКА 5.ПРИЛАЗ,Рујничка 5. прилаз
РУМСКА УЛИЦА,Румска
РУНИК МАХАЛА,Руник махала
САВЕ КОВАЧЕВИЋА,Саве Ковачевића
САВЕ ХАЏИЋА 1 ДЕО,Саве Хаџића 1. део
САВЕ ХАЏИЋА 2 ДЕО,Саве Хаџића 2. део
САЛАШИ ПОТЕС ВЕЛИКИ РИТ,Салаши потес Велики рит
САЛАШИ ПОТЕС ГАЛАД,Салаши потес Галад
САЛАШИ ПОТЕС КИНЂА,Салаши потес Кинђа
САЛАШИ ПОТЕС ЛИВАДЕ,Салаши потес Ливаде
САЛАШИ ПОТЕС НАКОВАЧКЕ ЛИВАДЕ,Салаши потес Наковачке ливаде
САЛАШИ ПОТЕС ОЛУШ,Салаши потес Олуш
САЛАШКА УЛИЦА,Салашка
САЛИХ -БЕГА РАСОВЦА,Салих-бега Расовца
САМАРАНОВА УЛИЦА,Самаранова
САМАРСКА УЛИЦА,Самарска
САНСТЕФАНСКА УЛИЦА,Санстефанска
САРИЋА МАХАЛА,Сарића махала
САРИЋА ОСОЈЕ,Сарића осоје
СВЕТИСЛАВА ЈОВАНОВИЋА 1.ПРИЛАЗ,Светислава Јовановића 1. прилаз
СВЕТИСЛАВА РАДОВАНОВИЋА 1 ДЕО,Светислава Радовановића 1. део
СВЕТИСЛАВА РАДОВАНОВИЋА 2 ДЕО,Светислава Радовановића 2. део
СВЕТИСЛАВА РАДОВАНОВИЋА 3 ДЕО,Светислава Радовановића 3. део
СВЕТОГОРСКА УЛИЦА,Светогорска
СВЕТОЗАРА БОРОЈЕВИЋА ОД БОЈНЕ,Светозара Боројевића од бојне
СВЕТОЗАРА МАРКОВИЋА 1 ПРИЛАЗ,Светозара Марковића 1. прилаз
СВЕТОЗАРА МИЛЕТИЋА,Светозара Милетића
СВЕТОСАВСКА УЛИЦА,Светосавска
СВРЉИШКИ ОДРЕД,Сврљишки одред
СВРЉИШКИ ПАРТИЗАНСКИ ОДРЕД,Сврљишки партизански одред
СЕВЕР МАЛА,Север мала
СЕВЕРНА ТРАНСВЕРЗАЛА,Северна трансверзала
СЕДМОГ ЈУЛА 1 ДЕО,Седмог јула 1. део
СЕДМОГ ЈУЛА 2 ДЕСНИ ПРИЛАЗ,Седмог јула 2. десни прилаз
СЕДМОГ ЈУЛА 2 ЛЕВИ ПРИЛАЗ,Седмог јула 2. леви прилаз
СЕСТРЕ БАКОВИЋ ПРИЛАЗ,Сестре Баковић прилаз
СИГЕТ САЛАШИ,Сигет салаши
СИМЕ ЈОЦИЋА ПРИЛАЗ 1,Симе Јоцића прилаз 1
СИМЕОНА КОНЧАРЕВИЋА 1 ДЕО,Симеона Кончаревића 1. део
СИНЂЕЛИЋА ПУТ 1 ДЕО,Синђелића пут 1. део
СИНЂЕЛИЋА ПУТ 4 ДЕО,Синђелића пут 4. део
СИПУЉСКА МАЛА,Сипуљска мала
СИРИШКА УЛИЦА,Сиришка
СЛАВОНСКА УЛИЦА,Славонска
СЛАТИНСКА УЛИЦА,Слатинска
СЛЕНИЧАРСКА УЛИЦА,Сленичарска
СЛИКАРСКА УЛИЦА,Сликарска
СЛОБОДАНА ЈОВИЋА 2 ДЕО,Слободана Јовића 2. део
СЛОБОДАНА ПЕНЕЗИЋА-КРЦУНА ПРИЛАЗ,Слободана Пенезића Крцуна прилаз
СЛОГАРСКА МАХАЛА,Слогарска махала
СМЕДЕРЕВСКИ ПУТ 1 ПРИЛАЗ,Смедеревски пут 1. прилаз
СМЕДЕРЕВСКИ ПУТ 2 ПРИЛАЗ,Смедеревски пут 2. прилаз
СМЕДЕРЕВСКИ ПУТ 3 ПРИЛАЗ,Смедеревски пут 3. прилаз
СМЕДЕРЕВСКИ ПУТ 4 ПРИЛАЗ,Смедеревски пут 4. прилаз
СМОЛУЋСКА УЛИЦА,Смолућска
СОКАК ЦВЕЋА,Сокак цвећа
СОКОБАЊСКА УЛИЦА,Сокобањска
СОКОЛСКА УЛИЦА,Соколска
СОЛАРСКИ ТРГ,Соларски трг
СОЛУНСКА УЛИЦА,Солунска
СОМБОРСКА УЛИЦА,Сомборска
СОПОТНИЧКИХ ВОДОПАДА,Сопотничких водопада
СОПОТСКА УЛИЦА,Сопотска
СОПОЋАНСКА УЛИЦА,Сопоћанска
СПАСОВДАНСКА УЛИЦА,Спасовданска
СПИСКА БАРА,Списка бара
СПОРТСКИ ЦЕНТАР,Спортски центар
СРЕДЊА МАЛА,Средња мала
СРЕДЊА МАХАЛА,Средња махала
СРЕДЊИ ПУТ КРОЗ СЕЛО,Средњи пут кроз село
СРЕДЊИ РИД,Средњи рид
СРЕМСКА УЛИЦА,Сремска
СРЕМСКИХ ВИНОГРАДА,Сремских винограда
СРЕТЕЊСКА УЛИЦА,Сретењска
СРЕТЕЊСКИ ТРГ,Сретењски трг
СТАНКА ТИШМЕ 1 ДЕО,Станка Тишме 1. део
СТАНКА ТИШМЕ 2 ДЕО,Станка Тишме 2. део
СТАНКА ТИШМЕ 3 ДЕО,Станка Тишме 3. део
СТАНКА ТИШМЕ 4 ДЕО,Станка Тишме 4. део
СТАНКА ТИШМЕ 5 ДЕО,Станка Тишме 5. део
СТАНКА ТИШМЕ 6 ДЕО,Станка Тишме 6. део
СТАНКА ТИШМЕ 7 ДЕО,Станка Тишме 7. део
СТАНКА ТИШМЕ 8 ДЕО,Станка Тишме 8. део
СТАНКА ТИШМЕ 9 ДЕО,Станка Тишме 9. део
СТАНКОВИЋЕВА УЛИЦА,Станковићева
СТАНОЈА ГЛАВАША 1.ПРИЛАЗ,Станоја Главаша 1. прилаз
СТАНОЈА ГЛАВАША 2.ПРИЛАЗ,Станоја Главаша 2. прилаз
СТАНОЈА ГЛАВАША 3.ПРИЛАЗ,Станоја Главаша 3. прилаз
СТАНОЈА ГЛАВАША 4.ПРИЛАЗ,Станоја Главаша 4. прилаз
СТАНСКА УЛИЦА,Станска
СТАРА ЛИПОВИЦА,Стара Липовица
СТАРА МАЛА,Стара мала
СТАРА ОПШТИНА,Стара општина
СТАРА СТАЗА,Стара стаза
СТАРА СТРЕЉАНА,Стара стрељана
СТАРА УЛИЦА,Стара
СТАРА ЦЕНТРАЛА,Стара централа
СТАРА ЦРКВА,Стара црква
СТАРА ЧАРШИЈА,Стара чаршија
СТАРА ЏАДА,Стара џада
СТАРАЧКА КОСА,Старачка коса
СТАРЕ ВОДЕНИЦЕ,Старе воденице
СТАРЕ ЗЕМЉЕ,Старе земље
СТАРЕ КАРАУЛЕ,Старе карауле
СТАРЕ КУЋЕ,Старе куће
СТАРЕ ОПШТИНЕ,Старе општине
СТАРЕ ПОРТЕ,Старе порте
СТАРЕ РАНКЕ,Старе ранке
СТАРЕ СРБИЈЕ,Старе Србије
СТАРЕ СТРУГЕ,Старе Струге
СТАРЕ ТРЛЕ,Старе Трле
СТАРЕ ЦИГЛЕ,Старе цигле
СТАРЕ ЧЕСМЕ,Старе чесме
СТАРИ БЕОГРАДСКИ ПУТ ТРЕЋИ ДЕО,Стари Београдски пут 3. део
СТАРИ ЖАБАЉ,Стари Жабаљ
СТАРИ ЖЕДНИК САЛАШИ,Стари Жедник салаши
СТАРИ ЗАЈЕЧАРСКИ ПУТ,Стари Зајечарски пут
СТАРИ ЗАПИС,Стари запис
СТАРИ ЗЛОТСКИ ПУТ,Стари Злотски пут
СТАРИ ИНЂИЈСКИ ПУТ,Стари Инђијски пут
СТАРИ КАЋКИ ПУТ,Стари Каћки пут
СТАРИ КОРЗО,Стари корзо
СТАРИ КУКУРУЗИ,Стари кукурузи
СТАРИ ЛИПОЛИСТ,Стари Липолист
СТАРИ МАЈДАН,Стари мајдан
СТАРИ МЛИН,Стари млин
СТАРИ НАСИП,Стари насип
СТАРИ НЕГОТИНСКИ ПУТ,Стари Неготински пут
СТАРИ ОБОР,Стари обор
СТАРИ ПЕШТАН,Стари Пештан
СТАРИ ПОТОК,Стари поток
СТАРИ ПУТ,Стари пут
СТАРИ ПУТ ЗА КРАЉЕВО-КРАК 2,Стари пут за Краљево - крак 2
СТАРИ ПУТ ЗА РАЉУ 4 ДЕО,Стари пут за Раљу 4. део
СТАРИ САЛАШИ,Стари салаши
СТАРИ СМЕДЕРЕВСКИ ПУТ,Стари Смедеревски пут
СТАРИ ХРАСТ,Стари храст
СТАРИ ШЉИВИЦИ,Стари шљивици
СТАРИ ШОР,Стари шор
СТАРИХ ВИНОГРАДА,Старих винограда
СТАРИХ ХРАСТОВА,Старих храстова
СТАРО ВАШАРИШТЕ,Старо вашариште
СТАРО ГУМНО,Старо гумно
СТАРО СЕЛО,Старо село
СТАРОГ ЗАПИСА,Старог записа
СТАРОГ КАПЕТАНА,Старог капетана
СТАРОГ ХРАСТА,Старог храста
СТАРОГА ХРАСТА,Старога храста
СТАРОГРАДСКИ ТРГ,Староградски трг
СТАРОСЕДЕЛАЧКА УЛИЦА,Староседелачка
СТАРОСРБИЈАНСКА УЛИЦА,Старосрбијанска
СТЕВАНА ФИЛИПОВИЋА 2 ДЕО,Стевана Филиповића 2. део
СТЕВАНОВИЋА МАЛА,Стевановића мала
СТЕВАНОВИЋА УЛИЦА,Стевановића
СТЕКИЋЕВА УЛИЦА,Стекићева
СТЕПАНОВА МАХАЛА,Степанова махала
СТОИМИРОВА МАХАЛА,Стоимирова махала
СТОЛАРСКА УЛИЦА,Столарска
СТОПИЋЕВА УЛИЦА,Стопићева
СТРЊАК САЛАШ МАЛА,Стрњак салаш мала
СТРУМИЧКА УЛИЦА,Струмичка
СТУДЕНИЧКА УЛИЦА,Студеничка
СУБОТИЧКА УЛИЦА,Суботичка
СУВО ПЛАНДИШТЕ 1 ПРИЛАЗ,Суво Пландиште 1. прилаз
СУКОВАЧКА УЛИЦА,Суковачка
СУНЧАНА УЛИЦА,Сунчана
СУТЈЕСКА УЛИЦА,Сутјеска
СУХИ ДОЛ,Сухи дол
СУШИЧКА МАХАЛА,Сушичка махала
ТАМБУРИНА УЛИЦА,Тамбурина
ТАМИШКА УЛИЦА,Тамишка
ТАМНАВСКА 1 ДЕО,Тамнавска 1. део
ТАМНАВСКА 2 ДЕО,Тамнавска 2. део
ТАМНАВСКИХ ПАРТИЗАНА,Тамнавских партизана
ТАНКОСИЋЕВА УЛИЦА,Танкосићева
ТАОРСКА БРДА,Таорска брда
ТАОРСКА ВРЕЛА,Таорска врела
ТАОРСКИ КИК,Таорски кик
ТАСЕ ЖИВАНЧЕВИЋА 1 ПРИЛАЗ,Тасе Живанчевића 1. прилаз
ТЕКЕРИШКА УЛИЦА,Текеришка
ТЕМЕРИНСКА 1 ДЕО,Темеринска 1. део
ТЕМЕРИНСКА 2 ДЕО,Темеринска 2. део
ТЕМЕРИНСКА 3 ДЕО,Темеринска 3. део
ТЕМЕРИНСКА 4 ДЕО,Темеринска 4. део
ТЕМЕРИНСКА 5 ДЕО,Темеринска 5. део
ТЕРЗИЈСКА МАХАЛА,Терзијска махала
ТЕСЛИЋСКА ПРИЛАЗ,Теслићска прилаз
ТОМАЊСКА ПЛАНИНА,Томањска планина
ТОПЛИ ДОЛ,Топли дол
ТОПЛИЧКА 1 ДЕО,Топличка 1. део
ТОПЛИЧКА УЛИЦА,Топличка
ТОПЛИЧКЕ БУНЕ,Топличке буне
ТОПЛИЧКИ КЕЈ,Топлички кеј
ТОПЛИЧКИ ПАРТИЗАНСКИ ОДРЕД,Топлички партизански одред
ТОПЛИЧКИ ПУТ,Топлички пут
ТОПЛИЧКИ УСТАНАК,Топлички устанак
ТОПЛИЧКИ ХЕРОЈИ,Топлички хероји
ТОПЛИЧКИХ ХЕРОЈА,Топличких хероја
ТОПЛИЧКОГ ГВОЗДЕНОГ ПУКА,Топличког гвозденог пука
ТОРЊОШКА УЛИЦА,Торњошка
ТРГ 10 МАРТА,Трг 10. марта
ТРГ ДЕСПОТА ЂУРЂА,Трг деспота Ђурђа
ТРГ ДР МИРКА СТОЈАКОВИЋА,Трг др Мирка Стојаковића
ТРГ ДР МЛАДЕНА ЈОСИФОВИЋА,Трг др Младена Јосифовића
ТРГ ДР ХАЏИ ЈАНОША,Трг др Хаџи Јаноша
ТРГ ЖРТАВА ВЕЛИКОГОСПО. РАЦИЈЕ,Трг жртава Великогоспојинске рације
ТРГ ЖРТАВА ФАШИСТИЧКОГ ТЕРОРА,Трг жртава фашистичког терора
ТРГ ЗАВНОС-А,Трг ЗАВНОС-а
ТРГ ЈЕДИНСТВА,Трг јединства
ТРГ КРАЉА ПЕТРА,Трг краља Петра
ТРГ КРАЉА ПЕТРА ПРВОГ,Трг краља Петра Првог
ТРГ КРАЉА ПЕТРА ПРВОГ ОСЛОБОДИОЦА,Трг краља Петра Првог Ослободиоца
ТРГ КРАЉА ПЕТРА I,Трг краља Петра Првог
ТРГ ОМЛАДИНЕ,Трг омладине
ТРГ ОСЛОБОДИОЦА ПИРОТА,Трг ослободиоца Пирота
ТРГ ОСЛОБОЂЕЊА,Трг ослобођења
ТРГ П БОРАЦА И ЖРТ ФАШ ТЕРОРА,Трг палих бораца и жртава фашизма
ТРГ ПАЛИХ ХЕРОЈА,Трг палих хероја
ТРГ ПАРТИЗАНА,Трг партизана
ТРГ РЕПУБЛИКЕ,Трг републике
ТРГ РУСКИХ КАДЕТА,Трг руских кадета
ТРГ СВ. НИКОЛАЈА,Трг Светог Николаја
ТРГ СВ.ТРОЈСТВА,Трг Светог Тројства
ТРГ СЛОБОДЕ,Трг слободе
ТРГ СОЛУНСКИХ РАТНИКА,Трг солунских ратника
ТРГ ШАБАЧКИХ ЖРТАВА,Трг шабачких жртава
ТРГ. ДР. СТАНИСЛАВА БУКУРОВА,Трг др Станислава Букурова
ТРЕСИЈСКА УЛИЦА,Тресијска
ТРЕЋЕ САНЏ.ПРОЛЕТЕРСКЕ БРИГАДЕ,Треће санџачке пролетерске бригаде
ТРЕЋЕ СРПСКЕ УДАРНЕ БРИГАДЕ,Треће српске ударне бригаде
ТРЕЋЕГ ПОЗИВА,Трећег позива
ТРЕШТИНО ДРВО,Трештино дрво
ТРИГЛАВСКА ПРИЛАЗ,Триглавска прилаз
ТРИДЕСЕТ СЕДМА ДИВИЗИЈА,Тридесет седма дивизија
ТРИДЕСЕТПРВЕ СРПСКЕ БРИГАДЕ,Тридесетпрве српске бригаде
ТРИДЕСЕТПРВОГ ОКТОБРА,Тридесетпрвог октобра
ТРИНАЕСТЕ ПРОЛЕТЕРСКЕ,Тринаесте пролетерске
ТРИНАЕСТИ КИЛОМЕТАР,Тринаести километар
ТРИНАЕСТОГ СЕПТЕМБРА 1 ДЕО,Тринаестог септембра 1. део
ТРИНАЕСТОГ СЕПТЕМБРА 2 ДЕО,Тринаестог септембра 2. део
ТРИНАЕСТОГ СЕПТЕМБРА 3 ДЕО,Тринаестог септембра 3. део
ТРЊАК МАЛА,Трњак мала
ТРЊИШТЕ САЛАШИ,Трњиште салаши
ТРОМЕЂИНА УЛИЦА,Тромеђина
ТУКЉАНСКИ САЛАШИ,Тукљански салаши
ТУРИЈСКА УЛИЦА,Туријска
ТУТИНСКА УЛИЦА,Тутинска
ЋАЋИНА УЛИЦА,Ћаћина
ЋЕЛИН ХРАСТ,Ћелин храст
ЋИРИЋЕВА УЛИЦА,Ћирићева
ЋОСИН ЂЕРАМ,Ћосин ђерам
ЋОСИН САЛАШ,Ћосин салаш
ЋОСИНА МАХАЛА,Ћосина махала
ЋОСИНЕ КОЛИБЕ,Ћосине колибе
ЋОСИЋА МАЛА,Ћосића мала
ЋУРЧИЈИНА УЛИЦА,Ћурчијина
УГРИНОВАЧКИ ПУТ 10 ДЕО,Угриновачки пут 10. део
УГРИНОВАЧКИ ПУТ 11 ДЕО,Угриновачки пут 11. део
УГРИНОВАЧКИ ПУТ 12 ДЕО,Угриновачки пут 12. део
УГРИНОВАЧКИ ПУТ 13 ДЕО,Угриновачки пут 13. део
УГРИНОВАЧКИ ПУТ 14 ДЕО,Угриновачки пут 14. део
УГРИНОВАЧКИ ПУТ 15 ДЕО,Угриновачки пут 15. део
УГРИНОВАЧКИ ПУТ 16 ДЕО,Угриновачки пут 16. део
УГРИНОВАЧКИ ПУТ 17 ДЕО,Угриновачки пут 17. део
УГРИНОВАЧКИ ПУТ 18 ДЕО,Угриновачки пут 18. део
УГРИНОВАЧКИ ПУТ 19 ДЕО,Угриновачки пут 19. део
УГРИНОВАЧКИ ПУТ 2 ДЕО,Угриновачки пут 2. део
УГРИНОВАЧКИ ПУТ 20 ДЕО,Угриновачки пут 20. део
УГРИНОВАЧКИ ПУТ 21 ДЕО,Угриновачки пут 21. део
УГРИНОВАЧКИ ПУТ 22 ДЕО,Угриновачки пут 22. део
УГРИНОВАЧКИ ПУТ 23 ДЕО,Угриновачки пут 23. део
УГРИНОВАЧКИ ПУТ 24 ДЕО,Угриновачки пут 24. део
УГРИНОВАЧКИ ПУТ 25 ДЕО,Угриновачки пут 25. део
УГРИНОВАЧКИ ПУТ 26 ДЕО,Угриновачки пут 26. део
УГРИНОВАЧКИ ПУТ 27 ДЕО,Угриновачки пут 27. део
УГРИНОВАЧКИ ПУТ 3 ДЕО,Угриновачки пут 3. део
УГРИНОВАЧКИ ПУТ 30 ДЕО,Угриновачки пут 30. део
УГРИНОВАЧКИ ПУТ 31 ДЕО,Угриновачки пут 31. део
УГРИНОВАЧКИ ПУТ 32 ДЕО,Угриновачки пут 32. део
УГРИНОВАЧКИ ПУТ 33 ДЕО,Угриновачки пут 33. део
УГРИНОВАЧКИ ПУТ 34 ДЕО,Угриновачки пут 34. део
УГРИНОВАЧКИ ПУТ 36 ДЕО,Угриновачки пут 36. део
УГРИНОВАЧКИ ПУТ 37 ДЕО,Угриновачки пут 37. део
УГРИНОВАЧКИ ПУТ 38 ДЕО,Угриновачки пут 38. део
УГРИНОВАЧКИ ПУТ 39 ДЕО,Угриновачки пут 39. део
УГРИНОВАЧКИ ПУТ 4 ДЕО,Угриновачки пут 4. део
УГРИНОВАЧКИ ПУТ 40 ДЕО,Угриновачки пут 40. део
УГРИНОВАЧКИ ПУТ 41 ДЕО,Угриновачки пут 41. део
УГРИНОВАЧКИ ПУТ 42 ДЕО,Угриновачки пут 42. део
УГРИНОВАЧКИ ПУТ 43 ДЕО,Угриновачки пут 43. део
УГРИНОВАЧКИ ПУТ 5 ДЕО,Угриновачки пут 5. део
УГРИНОВАЧКИ ПУТ 6 ДЕО,Угриновачки пут 6. део
УГРИНОВАЧКИ ПУТ 7 ДЕО,Угриновачки пут 7. део
УГРИНОВАЧКИ ПУТ 8 ДЕО,Угриновачки пут 8. део
УЖАРСКА УЛИЦА,Ужарска
УЖИЧКА 1 ДЕО,Ужичка 1. део
УЗУН-МИРКОВА УЛИЦА,Узун Миркова
УЛИВНА УЛИЦА,Уливна
УЛИЦА БАГРЕМОВА,Багремова
УЛИЦА БЕЋАРА,Бећара
УЛИЦА БРЕЗА,Бреза
УЛИЦА ДУДОВА,Дудова
УЛИЦА ИСПРЕД ШКОЛЕ У ЦРЊЕВУ,Испред школе У Црњеву
УЛИЦА ИТАЛИЈАНСКОГ ПРИЈАТЕЉСТВ,Италијанског пријатељства
УЛИЦА ЈАБЛАНОВА,Јабланова
УЛИЦА ЈАСЕНОВА,Јасенова
УЛИЦА ЈЕЛА,Јела
УЛИЦА ЈОВА,Јова
УЛИЦА КЕСТЕНА,Кестена
УЛИЦА КРАСОЈЕВИЋА,Красојевића
УЛИЦА ЛИПА,Липа
УЛИЦА МАЛОГ РАДОЈИЦЕ,Малог Радојице
УЛИЦА МЕЂУРОВАЧКА,Међуровачка
УЛИЦА МИРА,Мира
УЛИЦА МЛАДИХ,Младих
УЛИЦА ПЕНЗИОНЕРСКА,Пензионерска
УЛИЦА ПЕТ,Улица Пет
УЛИЦА СЕДАМ,Улица Седам
УЛИЦА СЛАНОГ ЈЕЗЕРА,Сланог Језера
УЛИЦА СЛОБОДЕ,Слободе
УЛИЦА ФЕДРАС-А,ФЕДРАС-а
УЛИЦА ХРАСТОВА,Храстова
УЛИЦА ЦУМТОБЕЛ,Цумтобел
УЛИЦА ЧЕМПРЕСА,Чемпреса
УЛИЦА ЧПАЈАКА,Чпајака
УЛИЦА ШЕСТ,Улица Шест
УЛИЦА ШЉИВА,Шљива
УМЕТНИЧА,Уметничка
УМЕТНИЧКА 1 ПРИЛАЗ,Уметничка 1. прилаз
УРОШЕВАЧКА УЛИЦА,Урошевачка
УСТАНИЧКА 2 ДЕО,Устаничка 2. део
УСТАНИЧКА УЛИЦА,Устаничка
ФИЛИМОНОВИЋА ПУТ 1 ДЕО,Филимоновића пут 1. део
ФИЛИМОНОВИЋА ПУТ 2 ДЕО,Филимоновића пут 2. део
ФРАНЦУСКА ПРИЛАЗ,Француска прилаз
ФРУШКОГОРСКА УЛИЦА,Фрушкогорска
ХАЈДУК-ВЕЉКА,Хајдук Вељка
ХАЈДУК-ВЕЉКА 1 ДЕО,Хајдук Вељка 1. део
ХАЈДУК-ВЕЉКА 2 ДЕО,Хајдук Вељка 2. део
ХАЈДУК-ВЕЉКА 3 ДЕО,Хајдук Вељка 3. део
ХАЈДУК-СТАНКА,Хајдук Станка
ХАЈДУК-СТАНКА 2 ДЕО,Хајдук Станка 2. део
ХЕРЦЕГНОВСКА УЛИЦА,Херцегновска
ХИЛАНДАРСКА УЛИЦА,Хиландарска
ХУМСКА 2.ПРИЛАЗ,Хумска 2. прилаз
ХУМСКА УЛИЦА,Хумска
ЦАРА КОНСТАНТИНА ПРИЛАЗ 1,Цара Константина прилаз 1
ЦАРА ЛА3АРА,Цара Лазара
ЦАРА ЛАЗАРА,Цара Лазара
ЦАРА НИКОЛАЈА II,Цара Николаја II
ЦАРА НИКОЛАЈА II РОМАНОВА,Цара Николаја II Романова
ЦАРИБРОДСКОГ ПАРТ. ОДРЕДА,Царибродског партизанског одреда
ЦАРИНСКА УЛИЦА,Царинска
ЦАРИЦЕ ТЕОДОРЕ ПРИЛАЗ 1,Царице Теодоре прилаз 1
ЦАРСКА УЛИЦА,Царска
ЦВЕЈИЋА МАЛА,Цвејића мала
ЦВЕТИНАЧКА УЛИЦА,Цветиначка
ЦВЕТНА УЛИЦА,Цветна
ЦВЕЋАРСКА УЛИЦА,Цвећарска
ЦВИЈИЋЕВА УЛИЦА,Цвијићева
ЦЕГАРСКА УЛИЦА,Цегарска
ЦЕНТАР СЕЛА,Центар села
ЦЕНТАР СЕЛА-ПУТ ЗА ЛАЈКОВАЦ,Центар села - пут за Лајковац
ЦЕНТАР СЕЛА-ПУТ ЗА СТРМОВО,Центар села - пут за Стрмово
ЦЕНТРАЛНА УЛИЦА,Централна
ЦИГАН МАЛА,Циган мала
ЦИГАНСКИ ЛУГ,Цигански луг
ЦИГЛАНСКА УЛИЦА,Цигланска
ЦРВЕНИ БРЕГ ВЕНАЦ 1 ПРИЛАЗ,Црвени брег венац 1. прилаз
ЦРЕПИНОВА МАХАЛА,Црепинова махала
ЦРКВЕНА УЛИЦА,Цигланска
ЦРНОГОРСКА УЛИЦА,Црногорска
ЦУЈИНА УЛИЦА,Цујина
ЧАВДАРСКА МАХАЛА,Чавдарска махала
ЧАМУРЛИЈСКА УЛИЦА,Чамурлијска
ЧАНТАВИР САЛАШИ,Чантавир салаши
ЧАЧАНСКИ ПАРТИЗАНСКИ ОДРЕД,Чачански партизански  одред
ЧЕГАРСКА 1.ПРИЛАЗ,Чегарска 1. прилаз
ЧЕГАРСКА УЛИЦА,Чегарска
ЧЕДОМИРА КРСТИЋА 1.ПРИЛАЗ,Чедомира Крстића 1. прилаз
ЧЕДОМИРА КРСТИЋА 2.ПРИЛАЗ,Чедомира Крстића 2. прилаз
ЧЕРГАРСКА МАХАЛА,Чергарска махала
ЧЕРКЕЗ МАХАЛА,Черкез махала
ЧЕТВРТОГ АПРИЛА 1 ДЕО,Четвртог априла 1. део
ЧЕТВРТОГ АПРИЛА 2 ДЕО,Четвртог априла 2. део
ЧЕТВРТОГ ЈУЛА 1 ПРИЛАЗ,Четвртог јула 1. прилаз
ЧЕТВРТОГ ЈУЛА 2 ПРИЛАЗ,Четвртог јула 2. прилаз
ЧЕТВРТОГ ЈУЛА 3 ПРИЛАЗ,Четвртог јула 3. прилаз
ЧЕТВРТОГ ЈУЛА 4 ПРИЛАЗ,Четвртог јула 4. прилаз
ЧЕТИНАРСКА УЛИЦА,Четинарска
ЧИСТАЦ САЛАШИ,Чистац салаши
ЧКАЉИНА УЛИЦА,Чкаљина
ЧОВКА УЛИЦА,Човка
ЧОКЕШИНСКА УЛИЦА,Чокешинска
ЧУРЋИЈСКА МАХАЛА,Ћурчијска махала
ЧУТУРИНА УЛИЦА,Чутурина
ЏАЈИНЕ ЊИВЕ,Џајине њиве
ШАБАЧКА УЛИЦА,Шабачка
ШАГИ - ГОМБАР САЛАШИ,Шаги - Гомбар салаши
ШАЈКАШКОГ ОДРЕДА,Шајкашког одреда
ШАЈКАШКОГ ПАРТИЗАНСКОГ ОДРЕДА,Шајкашког партизанског одреда
ШАМОТСКА УЛИЦА,Шамотска
ШАНАЦ I,Шанац I
ШАНАЦ II,Шанац II
ШАНАЦ III,Шанац III
ШАНГАЈСКА 1 ДЕО,Шангајска 1. део
ШАНГАЈСКА 10 ДЕО,Шангајска 10. део
ШАНГАЈСКА 11 ДЕО,Шангајска 11. део
ШАНГАЈСКА 12 ДЕО,Шангајска 12. део
ШАНГАЈСКА 2 ДЕО,Шангајска 2. део
ШАНГАЈСКА 3 ДЕО,Шангајска 3. део
ШАНГАЈСКА 4 ДЕО,Шангајска 4. део
ШАНГАЈСКА 5 ДЕО,Шангајска 5. део
ШАНГАЈСКА 6 ДЕО,Шангајска 6. део
ШАНГАЈСКА 7 ДЕО,Шангајска 7. део
ШАНГАЈСКА 8 ДЕО,Шангајска 8. део
ШАНГАЈСКА 9 ДЕО,Шангајска 9. део
ШАШЕВИ САЛАШИ,Шашеви салаши
ШВРАКИНА УЛИЦА,Швракина
ШЕИНОВА МАХАЛА,Шеинова махала
ШЕСТЕ ИСТОЧНО-БОСАНСКЕ 1ДЕО,Шесте источнобосанске  1. део
ШЕСТЕ ИСТОЧНО-БОСАНСКЕ 2ДЕО,Шесте источнобосанске 2. део
ШЕСТЕ ИСТОЧНО-БОСАНСКЕ 3ДЕО,Шесте источнобосанске 3. део
ШЕСТЕ ИСТОЧНО-БОСАНСКЕ 4ДЕО,Шесте источнобосанске 4. део
ШЕСТЕ ИСТОЧНО-БОСАНСКЕ 5ДЕО,Шесте источнобосанске 5. део
ШЕСТЕ ИСТОЧНО-БОСАНСКЕ 6ДЕО,Шесте источнобосанске 6. део
ШЕСТЕ ИСТОЧНО-БОСАНСКЕ БРИГАДЕ,Шесте источнобосанске бригаде
ШЕСТЕ ЛИЧКЕ ДИВИЗИЈЕ,Шесте личке дивизије
ШЕЋЕР МАЛА,Шећер мала
ШИЛОВА УЛИЦА,Шилова
ШИРОКИ ПУТ 1 ДЕО,Широки пут 1. део
ШИРОКИ ПУТ 2 ДЕО,Широки пут 2. део
ШИРОКИ ПУТ 3 ДЕО,Широки пут 3. део
ШИРОКИ ПУТ 4 ДЕО,Широки пут 4. део
ШИРОКИ ПУТ 5 ДЕО,Широки пут 5. део
ШИРОКИ РТ,Широки рт
ШКОЛСКА УЛИЦА,Школска
ШКОЛСКЕ ЧЕСМЕ,Школске чесме
ШКОЛСКИ ШОР,Школски шор
ШКУЉСКА МАЛА,Шкуљска мала
ШНАЈДЕРСКА УЛИЦА,Шнајдерска
ШОНОТОВА МАХАЛА,Шонотова махала
ШОР И СТАНЧИЋА МАЛА,Шор и Станчића мала
ШТРАНДОВА УЛИЦА,Штрандова
ШТУБИЧКА УЛИЦА,Штубичка
ШУМАДИЈСКА УЛИЦА,Шумадијска
ШУМАДИЈСКИХ ЖРТАВА,Шумадијских жртава
ШУМАТОВАЧКА УЛИЦА,Шуматовачка
XIII ПЕШАДИЈСКОГ ПУКА ХАЈДУК ВЕЉКО,XIII пешадијског пука Хајдук Вељко